Id,Assessment Date,Publication Date,Country Id,Country,area EP.1,indicator EP.1.a,indicator EP.1.b,indicator EP.1.c,area EP.2,indicator EP.2.a,metric EP.2.a.i,indicator EP.2.b,metric EP.2.b.i,indicator EP.2.c,metric EP.2.c.i,indicator EP.2.d,metric EP.2.d.i,area EP.3,indicator EP.3.a,metric EP.3.a.i,indicator EP.3.b,indicator EP.3.c,area CP.1,indicator CP.1.a,indicator CP.1.b,area CP.2,indicator CP.2.a,indicator CP.2.b,metric CP.2.b.i,indicator CP.2.c,metric CP.2.c.i,area CP.3,indicator CP.3.a,metric CP.3.a.i,indicator CP.3.b,metric CP.3.b.i,metric CP.3.b.ii,indicator CP.3.c,metric CP.3.c.i,indicator CP.3.d,metric CP.3.d.i,metric CP.3.d.ii,area CP.4,indicator CP.4.a,indicator CP.4.b,metric CP.4.b.i,indicator CP.4.c,indicator CP.4.d,metric CP.4.d.i,indicator CP.4.e,metric CP.4.e.i,area CP.5,indicator CP.5.a,indicator CP.5.b,indicator CP.5.c,indicator CP.5.d,indicator CP.5.e,area CP.6,indicator CP.6.a,metric CP.6.a.i,indicator CP.6.b,indicator CP.6.c,indicator CP.6.d,area CF.1,indicator CF.1.a,metric CF.1.a.i,indicator CF.1.b,metric CF.1.b.i,area CF.2,indicator CF.2.a,indicator CF.2.b,area CF.3,indicator CF.3.a,indicator CF.3.b,area CF.4,metric CF.4.i,metric CF.4.ii,metric CF.4.iii,metric CF.4.iv,source indicator EP.1.a,source indicator EP.1.b,source indicator EP.1.c,source indicator EP.2.a,source metric EP.2.a.i,source indicator EP.2.b,source metric EP.2.b.i,source indicator EP.2.c,source metric EP.2.c.i,source indicator EP.2.d,source metric EP.2.d.i,source indicator EP.3.a,source metric EP.3.a.i,source indicator EP.3.b,source indicator EP.3.c,source indicator CP.1.a,source indicator CP.1.b,source indicator CP.2.a,source indicator CP.2.b,source metric CP.2.b.i,source indicator CP.2.c,source metric CP.2.c.i,source indicator CP.3.a,source metric CP.3.a.i,source indicator CP.3.b,source metric CP.3.b.i,source metric CP.3.b.ii,source indicator CP.3.c,source metric CP.3.c.i,source indicator CP.3.d,source metric CP.3.d.i,source metric CP.3.d.ii,source indicator CP.4.a,source indicator CP.4.b,source metric CP.4.b.i,source indicator CP.4.c,source indicator CP.4.d,source metric CP.4.d.i,source indicator CP.4.e,source metric CP.4.e.i,source indicator CP.5.a,source indicator CP.5.b,source indicator CP.5.c,source indicator CP.5.d,source indicator CP.5.e,source indicator CP.6.a,source metric CP.6.a.i,source indicator CP.6.b,source indicator CP.6.c,source indicator CP.6.d,source indicator CF.1.a,source metric CF.1.a.i,source indicator CF.1.b,source metric CF.1.b.i,source indicator CF.2.a,source indicator CF.2.b,source indicator CF.3.a,source indicator CF.3.b,source metric CF.4.i,source metric CF.4.ii,source metric CF.4.iii,source metric CF.4.iv,year metric EP.1.a.i,year metric EP.1.a.ii,year metric EP.2.a.i,year metric EP.2.b.i,year metric EP.2.c.i,year metric EP.2.d.i,year metric EP.3.a.i,year metric CP.2.b.i,year metric CP.2.c.i,year metric CP.3.a.i,year metric CP.3.b.i,year metric CP.3.b.ii,year metric CP.3.c.i,year metric CP.3.d.i,year metric CP.3.d.ii,year metric CP.4.b.i,year metric CP.4.d.i,year metric CP.4.e.i,year metric CP.6.a.i,year metric CF.1.a.i,year metric CF.1.b.i,year metric CF.4.i,year metric CF.4.ii,year metric CF.4.iii,year metric CF.4.iv,Research notes
,2023-10-31,2023-12,,United States,No,No,No,No,Partial,Yes,-38%,Yes,0%,No,43%,No,860%,Partial,Yes,2050,Yes,No,No,No,No,Partial,Yes,No,7%,No,$28.08,Partial,Yes,2022,No,0.097%,-3%,No,0.17%,No,0.61%,0.36%,Partial,No,No,4.21,No,Yes,39%,No,13%,Yes,Yes,Yes,Yes,Yes,Exempt,Partial,No,0.75,Yes,Yes,Yes,Partial,No,0.008%,Yes,0.040%,Exempt,Exempt,Exempt,Partial,Yes,No,Not applicable,4.54,3.49,0.05,0.55,,,,https://unfccc.int/sites/default/files/NDC/2022-06/United%20States%20NDC%20April%2021%202021%20Final.pdf, ,https://unfccc.int/sites/default/files/NDC/2022-06/United%20States%20NDC%20April%2021%202021%20Final.pdf,https://unfccc.int/sites/default/files/NDC/2022-06/United%20States%20NDC%20April%2021%202021%20Final.pdf,https://1p5ndc-pathways.climateanalytics.org/,https://1p5ndc-pathways.climateanalytics.org/, ,,https://www.whitehouse.gov/wp-content/uploads/2021/10/US-Long-Term-Strategy.pdf, ,,,https://www.whitehouse.gov/briefing-room/presidential-actions/2021/01/27/executive-order-on-tackling-the-climate-crisis-at-home-and-abroad/,,https://carbonpricingdashboard.worldbank.org/map_data , ,https://carbonpricingdashboard.worldbank.org/map_data, ,https://icapcarbonaction.com/en/ets,https://www.whitehouse.gov/briefing-room/presidential-actions/2021/01/27/executive-order-on-tackling-the-climate-crisis-at-home-and-abroad/ ,https://www.whitehouse.gov/briefing-room/presidential-actions/2021/01/27/executive-order-on-tackling-the-climate-crisis-at-home-and-abroad/ , ,https://www.imf.org/en/Topics/climate-change/energy-subsidies,https://www.imf.org/en/Topics/climate-change/energy-subsidies,https://globalenergymonitor.org/projects/global-coal-mine-tracker/tracker-map/,https://data.worldbank.org/indicator/NY.GDP.COAL.RT.ZS , ,https://data.worldbank.org/indicator/NY.GDP.PETR.RT.ZS,https://data.worldbank.org/indicator/NY.GDP.NGAS.RT.ZS ,https://www.whitehouse.gov/wp-content/uploads/2021/10/US-Long-Term-Strategy.pdf,https://www.govinfo.gov/content/pkg/COMPS-845/pdf/COMPS-845.pdf ,https://data.worldbank.org/indicator/EG.EGY.PRIM.PP.KD,https://www.sec.gov/files/rules/proposed/2022/33-11042.pdf ,https://www.whitehouse.gov/wp-content/uploads/2021/10/US-Long-Term-Strategy.pdf,https://www.iea.org/data-and-statistics/data-tools/energy-statistics-data-browser?country=WORLD&fuel=Energy%20supply&indicator=ElecGenByFuel,https://data.worldbank.org/indicator/ER.LND.PTLD.ZS?locations=US,https://www.ibat-alliance.org/country_profiles/,https://www.epa.gov/climate-adaptation/climate-adaptation-plans,https://www.epa.gov/cira/past-reports,https://www.state.gov/wp-content/uploads/2022/10/state-2022-cap-1-1.pdf,https://www.undrr.org/media/84088/download?startDownload=true, ,,https://data.worldbank.org/indicator/VA.PER.RNK , ,https://www.whitehouse.gov/briefing-room/presidential-actions/2021/12/08/executive-order-on-catalyzing-clean-energy-industries-and-jobs-through-federal-sustainability/ ,https://ww2.arb.ca.gov/sites/default/files/auction-proceeds/cci_annual_report_2023.pdf ,https://unfccc.int/BR5 ,https://unfccc.int/BR5,https://webarchive.nationalarchives.gov.uk/ukgwa/20230401054904/https:/ukcop26.org/wp-content/uploads/2021/11/Table-of-climate-finance-commitments-November-2021.pdf,https://webarchive.nationalarchives.gov.uk/ukgwa/20230401054904/https:/ukcop26.org/wp-content/uploads/2021/11/Table-of-climate-finance-commitments-November-2021.pdf,https://unfccc.int/sites/default/files/NDC/2022-06/United%20States%20NDC%20April%2021%202021%20Final.pdf ,https://www.epa.gov/system/files/documents/2021-09/epa-climate-adaptation-plan-pdf-version.pdf,https://www.whitehouse.gov/wp-content/uploads/2022/03/budget_fy2023.pdf , ,https://globalenergymonitor.org/projects/global-solar-power-tracker/ ,https://globalenergymonitor.org/projects/global-wind-power-tracker/ ,https://globalenergymonitor.org/projects/global-geothermal-power-tracker/ ,https://globalenergymonitor.org/projects/global-hydropower-tracker/ ,,, ,2021,,,,2023,2022,2021,2021,2021,2021,2021,2021,2021,2021,2022,2021,2020,2021,2023,2023,2023,2023,This are some random research notes
,2023-10-31,2023-12,,Japan,Partial,Yes,No,No,Partial,Yes,-33%,Yes,15%,No,71%,No,408%,Partial,Yes,2050,Yes,No,Yes,Yes,Yes,Partial,Yes,Yes,73%,No,$2.00,No,No,No or unsuitable disclosure ,No,0.126%,293%,No,0.00%,No,0.00%,0.01%,Partial,Yes,Yes,3.29,No,No,32%,Yes,30%,Yes,Yes,Yes,Yes,Yes,Exempt,No,No,0.84,No,No,No,Partial,Yes,0.209%,No,No or unsuitable disclosure ,Exempt,Exempt,Exempt,Partial,Yes,No,Not applicable,0.63,12.41,0,0.14,,,,https://unfccc.int/sites/default/files/NDC/2022-06/JAPAN_FIRST%20NDC%20%28UPDATED%20SUBMISSION%29.pdf, ,https://unfccc.int/sites/default/files/NDC/2022-06/JAPAN_FIRST%20NDC%20%28UPDATED%20SUBMISSION%29.pdf, ,,,,,https://unfccc.int/sites/default/files/NDC/2022-06/JAPAN_FIRST%20NDC%20%28UPDATED%20SUBMISSION%29.pdf,https://unfccc.int/sites/default/files/NDC/2022-06/JAPAN_FIRST%20NDC%20%28UPDATED%20SUBMISSION%29.pdf, ,,https://www.japaneselawtranslation.go.jp/en/laws/view/4387,https://www.japaneselawtranslation.go.jp/en/laws/view/4387 ,https://climate-laws.org/geographies/japan/laws/act-partially-amending-the-law-on-special-tax-measures-tax-reform-act-2012-law-no-16-of-2012 , ,https://stats.oecd.org/Index.aspx?DataSetCode=ECR, ,https://carbonpricingdashboard.worldbank.org/map_data,https://www.meti.go.jp/information/g7hirosima/energy/pdf/G7MinistersCommunique2023.pdf , , ,https://www.imf.org/en/Topics/climate-change/energy-subsidies,https://www.imf.org/en/Topics/climate-change/energy-subsidies,https://globalenergymonitor.org/projects/global-coal-mine-tracker/tracker-map/,https://data.worldbank.org/indicator/NY.GDP.COAL.RT.ZS , ,https://data.worldbank.org/indicator/NY.GDP.PETR.RT.ZS,https://data.worldbank.org/indicator/NY.GDP.NGAS.RT.ZS ,https://unfccc.int/sites/default/files/NDC/2022-06/JAPAN_FIRST%20NDC%20%28UPDATED%20SUBMISSION%29.pdf,https://elaws.e-gov.go.jp/document?lawid=354AC0000000049 ,https://data.worldbank.org/indicator/EG.EGY.PRIM.PP.KD,https://www.fsa.go.jp/inter/etc/20211104/01.pdf ,https://www.meti.go.jp/information/g7hirosima/energy/pdf/G7MinistersCommunique2023.pdf ,https://www.iea.org/data-and-statistics/data-tools/energy-statistics-data-browser?country=WORLD&fuel=Energy%20supply&indicator=ElecGenByFuel,https://data.worldbank.org/indicator/ER.LND.PTLD.ZS?locations,https://www.ibat-alliance.org/country_profiles/,https://www.env.go.jp/content/900440195.pdf,https://www.env.go.jp/content/000047546.pdf,https://unfccc.int/sites/default/files/resource/2_Japan_July%202018_MOEJ%20Adaptation%20Overview%20REV.pdf,https://www.undrr.org/media/84088/download?startDownload=true, ,,https://data.worldbank.org/indicator/VA.PER.RNK ,https://www.enecho.meti.go.jp/category/others/basic_plan/pdf/20211022_01.pdf ,https://unfccc.int/sites/default/files/resource/Japan_LTS2021.pdf ,https://www.env.go.jp/content/900453366.pdf ,https://unfccc.int/BR5,https://unfccc.int/BR5,https://webarchive.nationalarchives.gov.uk/ukgwa/20230401054904/https:/ukcop26.org/wp-content/uploads/2021/11/Table-of-climate-finance-commitments-November-2021.pdf,https://webarchive.nationalarchives.gov.uk/ukgwa/20230401054904/https:/ukcop26.org/wp-content/uploads/2021/11/Table-of-climate-finance-commitments-November-2021.pdf,https://unfccc.int/sites/default/files/NDC/2022-06/JAPAN_FIRST%20NDC%20%28UPDATED%20SUBMISSION%29.pdf,https://www.env.go.jp/content/900440195.pdf,https://www.env.go.jp/content/000143145.pdf , ,https://globalenergymonitor.org/projects/global-solar-power-tracker/ ,https://globalenergymonitor.org/projects/global-wind-power-tracker/ ,https://globalenergymonitor.org/projects/global-geothermal-power-tracker/ ,https://globalenergymonitor.org/projects/global-hydropower-tracker/ ,,, ,,,,2021,2021,2023,,2021,2021,2021,2021,2021,2021,2021,2022,2021,2020,2021,2023,2023,2023,2023,
,2023-10-31,2023-12,,France,Partial,Yes,No,No,Partial,Yes,-23%,Yes,0%,No,65%,No,239%,Partial,Yes,2050,Yes,No,Yes,Yes,Yes,Partial,Yes,Yes,63%,No,$48.50,Partial,No,No or unsuitable disclosure,Yes,0.129%,10%,Yes,0.00%,Yes,0.01%,0.00%,Partial,No,Yes,3.23,Yes,No,91%,Yes,28%,Yes,Yes,Yes,Yes,Yes,Exempt,Partial,No,0.88,Yes,No,Yes,Partial,Yes,0.233%,No,0.201%,Exempt,Exempt,Exempt,Yes,Yes,Yes,Not applicable,0.68,6.65,No data,0,,,,https://unfccc.int/sites/default/files/NDC/2022-06/EU_NDC_Submission_December%202020.pdf, ,https://unfccc.int/sites/default/files/NDC/2022-06/EU_NDC_Submission_December%202020.pdf, ,,,,,https://www.strategie.gouv.fr/sites/strategie.gouv.fr/files/atoms/files/fs-the-value-for-climate-action-final-web.pdf, ,,,https://www.legifrance.gouv.fr/loda/id/JORFTEXT000039355955/,https://www.legifrance.gouv.fr/loda/id/JORFTEXT000039355955/,https://eur-lex.europa.eu/legal-content/EN/TXT/?uri=celex%3A32003L0087, ,https://stats.oecd.org/Index.aspx?DataSetCode=ECR, ,https://carbonpricingdashboard.worldbank.org/map_data,https://energy.ec.europa.eu/system/files/2022-08/fr_final_necp_main_en.pdf , ,https://energy.ec.europa.eu/system/files/2022-08/fr_final_necp_main_en.pdf ,https://www.imf.org/en/Topics/climate-change/energy-subsidies,https://www.imf.org/en/Topics/climate-change/energy-subsidies,https://www.legifrance.gouv.fr/codes/id/LEGIARTI000045589503/2022-04-15/ ,https://data.worldbank.org/indicator/NY.GDP.COAL.RT.ZS ,https://www.legifrance.gouv.fr/codes/id/LEGIARTI000045589503/2022-04-15/ ,https://data.worldbank.org/indicator/NY.GDP.PETR.RT.ZS,https://data.worldbank.org/indicator/NY.GDP.NGAS.RT.ZS ,https://unfccc.int/sites/default/files/resource/en_SNBC-2_complete.pdf ,https://www.legifrance.gouv.fr/codes/section_lc/LEGITEXT000023983208/LEGISCTA000023985174/?anchor=LEGIARTI000047302125#LEGIARTI000047302125 ,https://data.worldbank.org/indicator/EG.EGY.PRIM.PP.KD,https://www.legifrance.gouv.fr/loda/id/JORFTEXT000031044385 ,https://unfccc.int/sites/default/files/resource/en_SNBC-2_complete.pdf ,https://www.iea.org/data-and-statistics/data-tools/energy-statistics-data-browser?country=WORLD&fuel=Energy%20supply&indicator=ElecGenByFuel,https://data.worldbank.org/indicator/ER.LND.PTLD.ZS ,https://www.ibat-alliance.org/country_profiles/,https://www.ecologie.gouv.fr/sites/default/files/2018.12.20_PNACC2.pdf,https://www.ecologie.gouv.fr/sites/default/files/ONERC_rapport_Climate%20change_Costs%20of%20impacts%20and%20lines%20of%20adaptation_ENG.pdf,https://www.ecologie.gouv.fr/sites/default/files/Evaluation%20%C3%A0%20mi-parcours%20du%20PNACC-2.pdf,https://www.undrr.org/media/84088/download?startDownload=true, ,,https://data.worldbank.org/indicator/VA.PER.RNK ,https://unfccc.int/sites/default/files/resource/en_SNBC-2_complete.pdf ,https://travail-emploi.gouv.fr/IMG/pdf/bilan-pic-mi-parcours.pdf ,https://data.consilium.europa.eu/doc/document/PE-11-2023-INIT/en/pdf ,https://unfccc.int/BR5,https://unfccc.int/BR5,https://webarchive.nationalarchives.gov.uk/ukgwa/20230401054904/https:/ukcop26.org/wp-content/uploads/2021/11/Table-of-climate-finance-commitments-November-2021.pdf,https://webarchive.nationalarchives.gov.uk/ukgwa/20230401054904/https:/ukcop26.org/wp-content/uploads/2021/11/Table-of-climate-finance-commitments-November-2021.pdf,https://unfccc.int/sites/default/files/NDC/2022-06/EU_NDC_Submission_December%202020_0.pdf ,https://www.ecologie.gouv.fr/sites/default/files/2018.12.20_PNACC2.pdf,https://www.budget.gouv.fr/documentation/file-download/19125  ,https://www.budget.gouv.fr/documentation/file-download/19125  ,https://globalenergymonitor.org/projects/global-solar-power-tracker/ ,https://globalenergymonitor.org/projects/global-wind-power-tracker/ ,https://globalenergymonitor.org/projects/global-geothermal-power-tracker/ ,https://globalenergymonitor.org/projects/global-hydropower-tracker/ ,,, ,,,,,2021,2023,,2021,2021,2021,2021,2021,2021,2021,2022,2021,2020,2021,2023,2023,2023,2023,
,2023-10-31,2023-12,,Italy,Partial,Yes,No,No,Partial,Yes,-10%,Yes,0%,No,138%,No,314%,Partial,Yes,2050,Yes,No,No,No,No,Partial,Yes,No,36%,Yes,$83.10,Partial,Yes,2025,Yes,0.257%,2%,Not applicable,0.00%,No,0.08%,0.03%,Partial,No,Yes,2.48,No,No,42%,Yes,22%,Partial,Yes,No,No,Yes,Exempt,Partial,Yes,0.85,No,No,Yes,Partial,No,0.028%,Yes,0.061%,Exempt,Exempt,Exempt,No,No,No,Not applicable,1.75,20.78,0,0,,,,https://unfccc.int/sites/default/files/NDC/2022-06/EU_NDC_Submission_December%202020.pdf, ,https://unfccc.int/sites/default/files/NDC/2022-06/EU_NDC_Submission_December%202020.pdf, ,,,,,"https://ec.europa.eu/clima/sites/lts/lts_it_it.pdf
", ,,,,,https://eur-lex.europa.eu/legal-content/EN/TXT/?uri=celex%3A32003L0087, ,https://stats.oecd.org/Index.aspx?DataSetCode=ECR, ,https://icapcarbonaction.com/en/ets,https://energy.ec.europa.eu/system/files/2020-02/it_final_necp_main_en_0.pdf,https://energy.ec.europa.eu/system/files/2020-02/it_final_necp_main_en_0.pdf,https://energy.ec.europa.eu/system/files/2020-02/it_final_necp_main_en_0.pdf,https://www.imf.org/en/Topics/climate-change/energy-subsidies,https://www.imf.org/en/Topics/climate-change/energy-subsidies,https://globalenergymonitor.org/projects/global-coal-mine-tracker/tracker-map/,https://data.worldbank.org/indicator/NY.GDP.COAL.RT.ZS , ,https://data.worldbank.org/indicator/NY.GDP.PETR.RT.ZS,https://data.worldbank.org/indicator/NY.GDP.NGAS.RT.ZS ,https://www.mase.gov.it/sites/default/files/archivio/allegati/PTE/PTE-definitivo.pdf ,https://www.normattiva.it/uri-res/N2Ls?urn:nir:stato:legge:2004-08-23;239 ,https://data.worldbank.org/indicator/EG.EGY.PRIM.PP.KD,https://www.gazzettaufficiale.it/eli/id/2017/01/10/17G00002/sg ,https://www.meti.go.jp/information/g7hirosima/energy/pdf/G7MinistersCommunique2023.pdf ,https://www.iea.org/data-and-statistics/data-tools/energy-statistics-data-browser?country=WORLD&fuel=Energy%20supply&indicator=ElecGenByFuel,https://data.worldbank.org/indicator/ER.LND.PTLD.ZS ,https://www.ibat-alliance.org/country_profiles/,https://www.mase.gov.it/sites/default/files/archivio/allegati/clima/PNACC_versione_dicembre2022.pdf,http://www.derris.eu/wp-content/uploads/2016/03/03-rapporto-sullo-stato-delle-conoscenze-scientifiche-su-impatti-vulnerabilita-ed-adattamento-ai-cambiamenti-climatici-in-italia.pdf,https://www.mase.gov.it/sites/default/files/archivio/allegati/sviluppo_sostenibile/report_ministero_MasterFile_FinalDraft_novembre2017.pdf,https://www.undrr.org/media/84088/download?startDownload=true, ,,https://data.worldbank.org/indicator/VA.PER.RNK ,https://www.mase.gov.it/sites/default/files/archivio/allegati/PTE/PTE-definitivo.pdf ,https://www.mase.gov.it/sites/default/files/archivio/allegati/PTE/PTE-definitivo.pdf ,https://data.consilium.europa.eu/doc/document/PE-11-2023-INIT/en/pdf ,https://unfccc.int/BR5,https://unfccc.int/BR5,https://webarchive.nationalarchives.gov.uk/ukgwa/20230401054904/https:/ukcop26.org/wp-content/uploads/2021/11/Table-of-climate-finance-commitments-November-2021.pdf,https://webarchive.nationalarchives.gov.uk/ukgwa/20230401054904/https:/ukcop26.org/wp-content/uploads/2021/11/Table-of-climate-finance-commitments-November-2021.pdf,https://unfccc.int/sites/default/files/NDC/2022-06/EU_NDC_Submission_December%202020_0.pdf ,"https://unfccc.int/sites/default/files/resource/UNFCCC_Italy_2021.pdf, https://www.fao.org/faolex/results/details/en/c/LEX-FAOC149292/",https://www.rgs.mef.gov.it/_Documenti/VERSIONE-I/Attivit--i/Bilancio_di_previsione/Ecobilancio/2023/Ecobilancio-dello-Stato-2023.pdf ,https://www.oecd-ilibrary.org/sites/acf5d047-en/1/3/2/index.html?itemId=/content/publication/acf5d047-en&_csp_=3bdc5c1c30cb759d429453c611be28ba&itemIGO=oecd&itemContentType=book#section-d1e313 ,https://globalenergymonitor.org/projects/global-solar-power-tracker/ ,https://globalenergymonitor.org/projects/global-wind-power-tracker/ ,https://globalenergymonitor.org/projects/global-geothermal-power-tracker/ ,https://globalenergymonitor.org/projects/global-hydropower-tracker/ ,,, ,,,,,2021,2022,2019,2021,2021,2021,2021,2021,2021,2021,2022,2021,2020,2021,2023,2023,2023,2023,
,2023-10-31,2023-12,,Egypt,No,No,No,No,No,No,46%,No,No or unsuitable disclosure ,No,113%,No,137%,No,No,No or unsuitable disclosure,Exempt,Exempt,No,No,No,Exempt,Exempt,Exempt,Exempt,Exempt,Exempt,Exempt,Exempt,Exempt,Exempt,Exempt,Exempt,Exempt,Exempt,Exempt,Exempt,Exempt,Exempt,Exempt,Exempt,Exempt,Exempt,Exempt,Exempt,Exempt,Exempt,Partial,No,No,No,Yes,No,Partial,Yes,0.08,No,No,Exempt,Exempt,Exempt,Exempt,Exempt,Exempt,Yes,Yes,Yes,No,No,No,Not applicable,35.86,41.29,No data,5.03,,,,https://unfccc.int/sites/default/files/NDC/2023-06/Egypts%20Updated%20First%20Nationally%20Determined%20Contribution%202030%20%28Second%20Update%29.pdf, ,https://unfccc.int/sites/default/files/NDC/2023-06/Egypts%20Updated%20First%20Nationally%20Determined%20Contribution%202030%20%28Second%20Update%29.pdf, ,,,,,https://unfccc.int/sites/default/files/NDC/2023-06/Egypts%20Updated%20First%20Nationally%20Determined%20Contribution%202030%20%28Second%20Update%29.pdf, ,,,,,, , , ,,,,,,,,,,,,,,,,,,,,http://www.climasouth.eu/docs/Adaptation011%20StrategyEgypt.pdf, , ,https://www.undrr.org/media/84088/download?startDownload=true, ,,https://data.worldbank.org/indicator/VA.PER.RNK , ,https://www.eeaa.gov.eg/Uploads/Topics/Files/20221206130720583.pdf , ,,,,,https://unfccc.int/sites/default/files/NDC/2022-07/Egypt%20Updated%20NDC.pdf.pdf,https://cdn.climatepolicyradar.org/navigator/EGY/2022/egypt-national-climate-change-strategy-nccs-2050_5194e1cfe3cbca99042988f80ac7050d.pdf,https://mof.gov.eg/ar/posts/stateGeneralBudget/632850eabd2d6d000aad0585/%D9%85%D9%88%D8%A7%D8%B2%D9%86%D8%A9%20%D8%A7%D9%84%D9%85%D9%88%D8%A7%D8%B7%D9%86%20%22%D8%AD%D9%82%D9%83%20%D8%AA%D8%B9%D8%B1%D9%81%20%D9%85%D9%88%D8%A7%D8%B2%D9%86%D8%A9%20%D8%A8%D9%84%D8%AF%D9%83%22%20%D9%84%D8%B9%D8%A7%D9%85%202022%2023    ,https://assets.mof.gov.eg/files/2023-05/5b784cc0-ef31-11ed-8d15-9df60469d9ff.pdf ,https://globalenergymonitor.org/projects/global-solar-power-tracker/ ,https://globalenergymonitor.org/projects/global-wind-power-tracker/ ,https://globalenergymonitor.org/projects/global-geothermal-power-tracker/ ,https://globalenergymonitor.org/projects/global-hydropower-tracker/ ,,, ,,,,,,,,,,,,,,,,2021,,,2023,2023,2023,2023,
,2023-10-31,2023-12,,Uruguay,Yes,Yes,No data,Yes,Partial,Yes,10%,No,No or unsuitable disclosure ,No data,No data,No,25%,Partial,Yes,2050,Yes,No,Partial,Yes,No,Partial,Yes,No,19%,Yes,$156.00,Partial,Yes,2015,Not applicable,0.000%,Not applicable,Not applicable,0.00%,No,0.01%,0.00%,Partial,No,Yes,2.91,No,No,94%,Yes,4%,Partial,Yes,No,No,Yes,Exempt,No,No,0.92,No,No,No,Exempt,Exempt,Exempt,Exempt,Exempt,No,No,No,No,No,No,Not applicable,2.11,0,No data,0,,,,https://unfccc.int/sites/default/files/NDC/2022-12/Uruguay%20Segunda%20CDN.pdf, , , ,,,,,https://unfccc.int/sites/default/files/resource/URY_LTS_Dec2021.pdf, ,,,https://www.impo.com.uy/bases/leyes/17283-2000, ,https://carbonpricingdashboard.worldbank.org/map_data, ,https://carbonpricingdashboard.worldbank.org/map_data, ,https://carbonpricingdashboard.worldbank.org/map_data,https://www.imf.org/en/Topics/climate-change/energy-subsidies,https://www.imf.org/en/Topics/climate-change/energy-subsidies, ,https://www.imf.org/en/Topics/climate-change/energy-subsidies, ,,https://data.worldbank.org/indicator/NY.GDP.COAL.RT.ZS , ,https://data.worldbank.org/indicator/NY.GDP.PETR.RT.ZS,https://data.worldbank.org/indicator/NY.GDP.NGAS.RT.ZS ,https://unfccc.int/sites/default/files/resource/URY_LTS_Dec2021.pdf ,https://www.impo.com.uy/bases/leyes/18597-2009 ,https://data.worldbank.org/indicator/EG.EGY.PRIM.PP.KD, ,https://unfccc.int/sites/default/files/resource/URY_LTS_Dec2021.pdf,https://www.iea.org/data-and-statistics/data-tools/energy-statistics-data-browser?country=WORLD&fuel=Energy%20supply&indicator=ElecGenByFuel, ,https://www.ibat-alliance.org/country_profiles?locale=en,https://cdn.climatepolicyradar.org/navigator/URY/2019/national-adaptation-plan-to-climate-variability-and-change-for-the-agriculture-sector_1ad0898ef13c1ca22c514b55b12e3ca9.pdf, ,https://visualizador.gobiernoabierto.gub.uy/visualizador/api/repos/%3Apublic%3Aorganismos%3Aambiente%3Avisualizador_cdn.wcdf/generatedContent, , ,,https://data.worldbank.org/indicator/VA.PER.RNK ,https://unfccc.int/sites/default/files/resource/URY_LTS_Dec2021.pdf ,https://unfccc.int/sites/default/files/resource/URY_LTS_Dec2021.pdf , ,,,,,https://unfccc.int/sites/default/files/NDC/2022-12/Uruguay%20Segunda%20CDN.pdf,https://unfccc.int/sites/default/files/NDC/2022-12/Uruguay%20Segunda%20CDN.pdf,https://transparenciapresupuestaria.opp.gub.uy/inicio/presupuesto-nacional,https://transparenciapresupuestaria.opp.gub.uy/inicio/objetivos-de-desarrollo-sostenible/v%C3%ADnculos-entre-ods-y-%C3%A1reas-program%C3%A1ticas-2020-2024 ,https://globalenergymonitor.org/projects/global-solar-power-tracker/ ,https://globalenergymonitor.org/projects/global-wind-power-tracker/ ,https://globalenergymonitor.org/projects/global-geothermal-power-tracker/ ,https://globalenergymonitor.org/projects/global-hydropower-tracker/ ,,, ,,,,,2023,2023,2021,2021,,2021,2021,2021,2020,2020,2022,2021,,,2023,2023,2023,2023,
,2023-10-31,2023-12,,Saudi Arabia,No,No,No,No,Partial,Yes,No or unsuitable disclosure ,No,No or unsuitable disclosure ,No,No or unsuitable disclosure ,No,No or unsuitable disclosure ,Partial,Yes,2060,No,No,No,No,No,No,No,No,0%,No,$0.00,No,No,No or unsuitable disclosure ,No,8.067%,-9%,Not applicable,0.00%,No,23.69%,1.72%,No,No,No,6.23,No,No,0%,No,5%,No,No,No,No,No,Exempt,No,No,0.06,No,No,Not applicable,Exempt,Exempt,Exempt,Exempt,Exempt,No,No,No,No,No,No,Not applicable,8.17,0.45,No data,No data,,,,https://unfccc.int/sites/default/files/resource/202203111154---KSA%20NDC%202021.pdf, , ,  ,,,,,https://www.greeninitiatives.gov.sa/about-sgi/, ,,,https://www.greeninitiatives.gov.sa/, ,, , , , ,https://www.oecd.org/g20/summits/pittsburgh/G20-Pittsburgh-Leaders-Declaration.pdf , ,,https://www.imf.org/en/Topics/climate-change/energy-subsidies,https://www.imf.org/en/Topics/climate-change/energy-subsidies,https://globalenergymonitor.org/projects/global-coal-mine-tracker/tracker-map/,https://data.worldbank.org/indicator/NY.GDP.COAL.RT.ZS , ,https://data.worldbank.org/indicator/NY.GDP.PETR.RT.ZS,https://data.worldbank.org/indicator/NY.GDP.NGAS.RT.ZS ,https://unfccc.int/sites/default/files/resource/202203111154---KSA%20NDC%202021.pdf ,https://laws.boe.gov.sa/BoeLaws/Laws/LawDetails/95b320eb-06f8-4e5c-95d1-aa3a0106ede6/1 ,https://data.worldbank.org/indicator/EG.EGY.PRIM.PP.KD,https://www.saudiexchange.sa/wps/wcm/connect/d0922cd6-e0bf-4554-ad4d-03f0c2eea5ad/ESG+Guidelines+EN+FINAL+221021.pdf?MOD=AJPERES&CVID=nOYd-01 , ,https://www.iea.org/data-and-statistics/data-tools/energy-statistics-data-browser?country=WORLD&fuel=Energy%20supply&indicator=ElecGenByFuel,https://data.worldbank.org/indicator/ER.LND.PTLD.ZS ,https://www.ibat-alliance.org/country_profiles/, ,,,, ,,https://data.worldbank.org/indicator/VA.PER.RNK ,https://unfccc.int/sites/default/files/resource/7123846_Saudi%20Arabia-NC4-1-Fourth%20National%20Communication%20NC4%20Kingdom%20of%20Saudi%20Arabia%20March%202022.pdf ,https://unfccc.int/sites/default/files/resource/7123846_Saudi%20Arabia-NC4-1-Fourth%20National%20Communication%20NC4%20Kingdom%20of%20Saudi%20Arabia%20March%202022.pdf , ,,,,,https://unfccc.int/sites/default/files/resource/202203111154---KSA%20NDC%202021.pdf,https://unfccc.int/sites/default/files/resource/202203111154---KSA%20NDC%202021.pdf,https://www.my.gov.sa/wps/portal/snp/aboutksa/governmentBudget/!ut/p/z0/04_Sj9CPykssy0xPLMnMz0vMAfIjo8zifT2dPQ38TQz9DUzDjA0CHV39TEy8XIwMzA30g1Pz9AuyHRUBPEIqgQ!!/  , ,https://globalenergymonitor.org/projects/global-solar-power-tracker/ ,https://globalenergymonitor.org/projects/global-wind-power-tracker/ ,https://globalenergymonitor.org/projects/global-geothermal-power-tracker/ ,https://globalenergymonitor.org/projects/global-hydropower-tracker/ ,,, ,,,,,,,,2021,2021,2021,2021,2021,2020,2020,2022,2021,,,2023,2023,2023,2023,
,2023-10-31,2023-12,,Australia,Partial,Yes,No,No,Partial,Yes,-27%,No,No or unsuitable disclosure ,No,56%,No,791%,Partial,Yes,2050,Yes,No,Yes,Yes,Yes,Partial,Yes,No,28%,No,$10.64,No,No,No or unsuitable disclosure ,No,0.421%,0%,No,0.79%,No,0.26%,1.72%,Partial,Yes,No,4.28,No,No,27%,Yes,20%,Partial,Yes,Yes,No,Yes,Exempt,Partial,No,0.94,No,No,Yes,No,No,0.018%,No,0.015%,Exempt,Exempt,Exempt,Partial,Yes,No,Not applicable,43.5,88.42,0,8.42,,,,https://unfccc.int/sites/default/files/NDC/2022-06/Australias%20NDC%20June%202022%20Update%20%283%29.pdf, ,https://unfccc.int/sites/default/files/NDC/2022-06/Australias%20NDC%20June%202022%20Update%20%283%29.pdf, ,,,,,https://unfccc.int/sites/default/files/NDC/2022-06/Australias%20NDC%20June%202022%20Update%20%283%29.pdf, ,,,https://www.legislation.gov.au/Details/C2022A00037 ,https://www.legislation.gov.au/Details/C2022A00037 ,https://www.legislation.gov.au/Details/C2023C00090 , ,https://www.legislation.gov.au/Details/C2023C00090 , ,https://carbonpricingdashboard.worldbank.org/map_data,https://www.oecd.org/g20/summits/pittsburgh/G20-Pittsburgh-Leaders-Declaration.pdf , ,,https://www.imf.org/en/Topics/climate-change/energy-subsidies,https://www.imf.org/en/Topics/climate-change/energy-subsidies,https://globalenergymonitor.org/projects/global-coal-mine-tracker/tracker-map/,https://data.worldbank.org/indicator/NY.GDP.COAL.RT.ZS , ,https://data.worldbank.org/indicator/NY.GDP.PETR.RT.ZS,https://data.worldbank.org/indicator/NY.GDP.NGAS.RT.ZS ,https://unfccc.int/sites/default/files/resource/Australias_LTS_WEB.pdf ,https://www.energy.gov.au/sites/default/files/National%20Energy%20Productivity%20Plan.pdf ,https://data.worldbank.org/indicator/EG.EGY.PRIM.PP.KD,https://www.aph.gov.au/Parliamentary_Business/Bills_Legislation/bd/bd2223a/23bd063 , ,https://www.iea.org/data-and-statistics/data-tools/energy-statistics-data-browser?country=WORLD&fuel=Energy%20supply&indicator=ElecGenByFuel,https://data.worldbank.org/indicator/ER.LND.PTLD.ZS ,https://www.ibat-alliance.org/country_profiles/,https://www.agriculture.gov.au/sites/default/files/documents/national-climate-resilience-and-adaptation-strategy.pdf,https://www.dcceew.gov.au/sites/default/files/documents/adaptation-communication_0.pdf, ,https://www.undrr.org/media/84088/download?startDownload=true, ,,https://data.worldbank.org/indicator/VA.PER.RNK , ,https://unfccc.int/sites/default/files/NDC/2022-06/Australias%20NDC%20June%202022%20Update%20%283%29.pdf ,https://www.pc.gov.au/inquiries/completed/productivity/report/productivity-volume6-climate-transition.pdf ,https://unfccc.int/BR5 ,https://unfccc.int/BR5 ,https://webarchive.nationalarchives.gov.uk/ukgwa/20230401054904/https:/ukcop26.org/wp-content/uploads/2021/11/Table-of-climate-finance-commitments-November-2021.pdf,https://webarchive.nationalarchives.gov.uk/ukgwa/20230401054904/https:/ukcop26.org/wp-content/uploads/2021/11/Table-of-climate-finance-commitments-November-2021.pdf, , ,https://budget.gov.au/content/factsheets/download/factsheet_clean_energy-20230510.pdf , ,https://globalenergymonitor.org/projects/global-solar-power-tracker/ ,https://globalenergymonitor.org/projects/global-wind-power-tracker/ ,https://globalenergymonitor.org/projects/global-geothermal-power-tracker/ ,https://globalenergymonitor.org/projects/global-hydropower-tracker/ ,,, ,,,,,2023,2023,,2021,2021,2021,2021,2021,2021,2021,2022,2021,2020,2021,2023,2023,2023,2023,
,2023-10-31,2023-12,,Mexico,Partial,Yes,No,No,Partial,Yes,-9%,No,No or unsuitable disclosure ,No,69%,No,238%,No,No,No or unsuitable disclosure,Exempt,Exempt,Yes,Yes,Yes,Partial,Yes,No,42%,Exempt,Exempt,No,No,No or unsuitable disclosure ,Exempt,0.666%,-20%,No,0.02%,Exempt,2.07%,0.09%,Partial,Yes,Yes,3.26,Exempt,No,26%,Yes,15%,Partial,Yes,Yes,No,Yes,No,Partial,Yes,0.44,No,No,No,Exempt,Exempt,Exempt,Exempt,Exempt,No,No,No,Yes,Yes,Yes,Not applicable,3.72,1.03,0,0.34,,,,https://unfccc.int/sites/default/files/NDC/2022-11/Mexico_NDC_UNFCCC_update2022_FINAL.pdf, ,https://unfccc.int/sites/default/files/NDC/2022-11/Mexico_NDC_UNFCCC_update2022_FINAL.pdf, ,,,,,, ,,,https://www.diputados.gob.mx/LeyesBiblio/pdf/LGCC.pdf,https://www.diputados.gob.mx/LeyesBiblio/pdf/LGCC.pdf,https://carbonpricingdashboard.worldbank.org/map_data, ,https://stats.oecd.org/Index.aspx?DataSetCode=ECR, , ,https://fffsr.org/2017/03/friends-statement-of-support-to-mexico-declaracion-de-apoyo-a-mexico-por-parte-de-los-amigos-de-la-reforma-de-subsidios-a-los-combustibles-fosiles/, ,,https://www.imf.org/en/Topics/climate-change/energy-subsidies,https://www.imf.org/en/Topics/climate-change/energy-subsidies, ,https://data.worldbank.org/indicator/NY.GDP.COAL.RT.ZS , ,https://data.worldbank.org/indicator/NY.GDP.PETR.RT.ZS,https://data.worldbank.org/indicator/NY.GDP.NGAS.RT.ZS ,https://unfccc.int/sites/default/files/NDC/2022-11/Mexico_NDC_UNFCCC_update2022_FINAL.pdf,https://www.diputados.gob.mx/LeyesBiblio/pdf/LTE.pdf ,https://data.worldbank.org/indicator/EG.EGY.PRIM.PP.KD, ,https://unfccc.int/files/focus/long-term_strategies/application/pdf/mexico_mcs_final_cop22nov16_red.pdf ,https://www.iea.org/data-and-statistics/data-tools/energy-statistics-data-browser?country=WORLD&fuel=Energy%20supply&indicator=ElecGenByFuel,https://data.worldbank.org/indicator/ER.LND.PTLD.ZS,https://www.ibat-alliance.org/country_profiles?locale=en,https://climate-laws.org/document/national-climate-change-strategy_7306,https://www.gob.mx/cms/uploads/attachment/file/669653/114_2021Final_Climate_Vulnerability_Assessment_Mexico.pdf,https://doi.org/10.1016/j.envsci.2021.08.017,download (undrr.org), ,,https://data.worldbank.org/indicator/VA.PER.RNK ,https://unfccc.int/sites/default/files/NDC/2022-11/Mexico_NDC_UNFCCC_update2022_FINAL.pdf , ,https://carbonpricingdashboard.worldbank.org/map_data , ,,,,https://unfccc.int/sites/default/files/NDC/2022-11/Mexico_NDC_UNFCCC_update2022_FINAL.pdf, ,https://www.diputados.gob.mx/LeyesBiblio/pdf/PEF_2023.pdf ,https://www.transparenciapresupuestaria.gob.mx/work/models/PTP/Presupuesto/Planeacion/mexico_ods.pdf ,https://globalenergymonitor.org/projects/global-solar-power-tracker/ ,https://globalenergymonitor.org/projects/global-wind-power-tracker/ ,https://globalenergymonitor.org/projects/global-geothermal-power-tracker/ ,https://globalenergymonitor.org/projects/global-hydropower-tracker/ ,,, ,,,,,2021,,,2021,2021,2021,2021,2021,2021,2021,2022,2021,,,2023,2023,2023,2023,
,2023-10-31,2023-12,,China,No,No,No,No,Partial,Yes,13%,No,No or unsuitable disclosure ,No,136%,No,790%,Yes,Yes,2060,Exempt,Exempt,Yes,Yes,Yes,Partial,Yes,No,33%,Exempt,Exempt,No,No,No or unsuitable disclosure ,Exempt,0.196%,31%,No,0.61%,Exempt,0.31%,0.21%,Partial,No,Yes,6.37,Exempt,No,33%,No,16%,Partial,Yes,Yes,No,Yes,No,No,No,0.05,No,No,No,Exempt,Exempt,Exempt,Exempt,Exempt,No,No,No,Partial,Yes,No,Not applicable,21.08,20.66,No data,30.24,,,,https://unfccc.int/sites/default/files/NDC/2022-06/China%E2%80%99s%20Achievements%2C%20New%20Goals%20and%20New%20Measures%20for%20Nationally%20Determined%20Contributions.pdf, , , ,,,,,https://unfccc.int/sites/default/files/resource/China’s%20Mid-Century%20Long-Term%20Low%20Greenhouse%20Gas%20Emission%20Development%20Strategy.pdf, ,,,https://en.ndrc.gov.cn/policies/202110/t20211027_1301020.html,https://en.ndrc.gov.cn/policies/202110/t20211027_1301020.html,https://www.mee.gov.cn/xxgk2018/xxgk/xxgk02/202101/t20210105_816131.html , ,https://stats.oecd.org/Index.aspx?DataSetCode=ECR, , ,https://www.oecd.org/g20/summits/pittsburgh/G20-Pittsburgh-Leaders-Declaration.pdf, ,,https://www.imf.org/en/Topics/climate-change/energy-subsidies,https://www.imf.org/en/Topics/climate-change/energy-subsidies,https://globalenergymonitor.org/projects/global-coal-mine-tracker/tracker-map/,https://data.worldbank.org/indicator/NY.GDP.COAL.RT.ZS , ,https://data.worldbank.org/indicator/NY.GDP.PETR.RT.ZS,https://data.worldbank.org/indicator/NY.GDP.NGAS.RT.ZS ,https://unfccc.int/sites/default/files/resource/China%E2%80%99s%20Mid-Century%20Long-Term%20Low%20Greenhouse%20Gas%20Emission%20Development%20Strategy.pdf ,http://www.npc.gov.cn/zgrdw/englishnpc/Law/2009-02/20/content_1471608.htm ,https://data.worldbank.org/indicator/EG.EGY.PRIM.PP.KD, ,https://unfccc.int/sites/default/files/NDC/2022-06/China%E2%80%99s%20Achievements%2C%20New%20Goals%20and%20New%20Measures%20for%20Nationally%20Determined%20Contributions.pdf ,https://www.iea.org/data-and-statistics/data-tools/energy-statistics-data-browser?country=WORLD&fuel=Energy%20supply&indicator=ElecGenByFuel,https://data.worldbank.org/indicator/ER.LND.PTLD.ZS,https://www.ibat-alliance.org/country_profiles/,https://cset.georgetown.edu/wp-content/uploads/t0453_climate_strategy_2035_EN.pdf,http://english.mee.gov.cn/Resources/Reports/reports/201907/P020190702566752327206.pdf, ,https://www.undrr.org/media/84088/download?startDownload=true, ,,https://data.worldbank.org/indicator/VA.PER.RNK , , , , ,,,,https://unfccc.int/sites/default/files/resource/China%203NC_English_0.pdf,https://unfccc.int/sites/default/files/resource/China%203NC_English_0.pdf,http://www.mof.gov.cn/gkml/caizhengshuju/202303/t20230316_3872867.htm , ,https://globalenergymonitor.org/projects/global-solar-power-tracker/ ,https://globalenergymonitor.org/projects/global-wind-power-tracker/ ,https://globalenergymonitor.org/projects/global-geothermal-power-tracker/ ,https://globalenergymonitor.org/projects/global-hydropower-tracker/ ,,, ,,,,,2021,,,2021,2021,2021,2021,2021,2020,2020,2022,2021,,,2023,2023,2023,2023,
,2023-10-31,2023-12,,Poland,No,No,No,No,Partial,Yes,-24%,Yes,0%,No,61%,No,351%,No,No,No or unsuitable disclosure,No,No,No,No,No,Yes,Yes,Yes,53%,Yes,$80.82,No,No,No or unsuitable disclosure ,No,0.742%,-13%,No,0.25%,No,0.04%,0.10%,Partial,No,Yes,3.47,No,No,18%,Yes,40%,Partial,Yes,Yes,No,Yes,Exempt,Partial,Yes,0.64,No,No,Yes,Exempt,Exempt,Exempt,Exempt,Exempt,Exempt,Exempt,Exempt,No,No,No,Not applicable,5.04,27.56,No data,1.21,,,,https://unfccc.int/sites/default/files/NDC/2022-06/EU_NDC_Submission_December%202020.pdf,  ,https://unfccc.int/sites/default/files/NDC/2022-06/EU_NDC_Submission_December%202020.pdf, ,,,,,https://unfccc.int/sites/default/files/NDC/2022-06/EU_NDC_Submission_December%202020_0.pdf, ,,,, ,https://carbonpricingdashboard.worldbank.org/map_data, ,https://stats.oecd.org/Index.aspx?DataSetCode=ECR, ,https://carbonpricingdashboard.worldbank.org/map_data, , ,https://energy.ec.europa.eu/system/files/2020-08/pl_final_necp_part_1_3_en_0.pdf ,https://www.imf.org/en/Topics/climate-change/energy-subsidies,https://www.imf.org/en/Topics/climate-change/energy-subsidies,"https://beyond-coal.eu/europes-coal-exit/#:~:text=ITALY%3A%20COAL%20PHASE%20OUT%202025,of%20its%20National%20Energy%20Strategy.",https://data.worldbank.org/indicator/NY.GDP.COAL.RT.ZS , ,https://data.worldbank.org/indicator/NY.GDP.PETR.RT.ZS,https://data.worldbank.org/indicator/NY.GDP.NGAS.RT.ZS , ,https://isap.sejm.gov.pl/isap.nsf/download.xsp/WDU20210002166/T/D20212166L.pdf,https://data.worldbank.org/indicator/EG.EGY.PRIM.PP.KD,https://eur-lex.europa.eu/legal-content/EN/TXT/?uri=CELEX:32022L2464,https://www.gov.pl/web/climate/energy-policy-of-poland-until-2040-epp2040,https://www.iea.org/data-and-statistics/data-tools/energy-statistics-data-browser?country=WORLD&fuel=Energy%20supply&indicator=ElecGenByFuel,https://data.worldbank.org/indicator/ER.LND.PTLD.ZS,https://www.ibat-alliance.org/country_profiles?locale=en,https://climate-laws.org/documents/polish-national-strategy-for-adaptation-to-climate-change-nas-2020_b370,https://klimada2.ios.gov.pl/klimat-scenariusze-portal/,https://climate-laws.org/documents/polish-national-strategy-for-adaptation-to-climate-change-nas-2020_b370 ,https://www.undrr.org/media/84088/download?startDownload=true , ,,https://data.worldbank.org/indicator/VA.PER.RNK ,https://www.gov.pl/attachment/b1febd0c-e544-412d-a0d7-f6bff01707c1 ,https://www.gov.pl/attachment/b1febd0c-e544-412d-a0d7-f6bff01707c1 ,https://data.consilium.europa.eu/doc/document/PE-11-2023-INIT/en/pdf , ,,,,https://unfccc.int/sites/default/files/resource/Poland_Report-NC8_BR5_27dec2022%20%281%29.pdf ,https://cdn.climatepolicyradar.org/navigator/POL/2013/polish-national-strategy-for-adaptation-to-climate-change-nas-2020_38613653e8f971018032f953538bf0c9.pdf ,https://www.gov.pl/web/finanse/sprawozdanie-roczne-za-2022-rok  , ,https://globalenergymonitor.org/projects/global-solar-power-tracker/ ,https://globalenergymonitor.org/projects/global-wind-power-tracker/ ,https://globalenergymonitor.org/projects/global-geothermal-power-tracker/ ,https://globalenergymonitor.org/projects/global-hydropower-tracker/ ,,, ,,,,,2021,2023,,2021,2021,2021,2021,2021,2021,2021,2022,2021,,,2023,2023,2023,2023,
,2023-10-31,2023-12,,Indonesia,No,No,No,No,Partial,Yes,78%,No,No or unsuitable disclosure ,No,335%,No,370%,No,No,No or unsuitable disclosure,Exempt,Exempt,No,No,No,Exempt,Exempt,Exempt,Exempt,Exempt,Exempt,Exempt,Exempt,Exempt,Exempt,Exempt,Exempt,Exempt,Exempt,Exempt,Exempt,Exempt,Exempt,Exempt,Exempt,Exempt,Exempt,Exempt,Exempt,Exempt,Exempt,Partial,Yes,No,No,Yes,Yes,Partial,No,0.53,No,Yes,Exempt,Exempt,Exempt,Exempt,Exempt,Exempt,Partial,Yes,No,No,No,No,Not applicable,10.72,1.73,2.58,14.12,,,,https://unfccc.int/sites/default/files/NDC/2022-09/ENDC%20Indonesia.pdf, ,https://unfccc.int/sites/default/files/NDC/2022-09/ENDC%20Indonesia.pdf, ,,,,,https://unfccc.int/sites/default/files/NDC/2022-09/23.09.2022_Enhanced%20NDC%20Indonesia.pdf, ,,,https://peraturan.go.id/files/UU+32+Tahun+2009.pdf ,https://peraturan.go.id/files/UU+32+Tahun+2009.pdf , , , , ,,,,,,,,, ,,,,,,,,,,,https://lcdi-indonesia.id/wp-content/uploads/2020/05/Executive-Summary-NAP.pdf,https://www.acccrn.net/sites/default/files/publication/attach/ran-api_english_translation.pdf, ,https://www.undrr.org/media/84088/download?startDownload=true,https://seadrif.org/who-we-are/, ,https://data.worldbank.org/indicator/VA.PER.RNK ,https://www.esdm.go.id/en/media-center/news-archives/sekretariat-jetp-terbentuk-siap-realisasikan-kerja-sama-pendanaan-transisi-energi ,https://unfccc.int/sites/default/files/NDC/2022-09/23.09.2022_Enhanced%20NDC%20Indonesia.pdf, , ,,,,https://unfccc.int/sites/default/files/NDC/2022-09/ENDC%20Indonesia.pdf,https://unfccc.int/sites/default/files/ACR/2022-11/221119%20Indonesia%20Adaptation%20Communication.pdf ,https://media.kemenkeu.go.id/getmedia/8806c7e3-b633-4cd3-8eb7-4a0ad7b4d944/Buku-I-RUU-APBN-TA-2023.pdf?ext=.pdf ,https://api-djppr.kemenkeu.go.id/web/api/v1/media/B51F74A2-F8BF-47C7-A77F-DA48C2D33067 ,https://globalenergymonitor.org/projects/global-solar-power-tracker/ ,https://globalenergymonitor.org/projects/global-wind-power-tracker/ ,https://globalenergymonitor.org/projects/global-geothermal-power-tracker/ ,https://globalenergymonitor.org/projects/global-hydropower-tracker/ ,,,  ,,,,,,,,,,,,,,,,2021,,,2023,2023,2023,2023,
,2023-10-31,2023-12,,Kazakhstan,Partial,Yes,No,No,Partial,Yes,-12%,No,No or unsuitable disclosure ,No,78%,No,618%,Yes,Yes,2060,Exempt,Exempt,Yes,Yes,Yes,Partial,Yes,No,46%,Exempt,Exempt,No,No,No or unsuitable disclosure ,Exempt,5.456%,-5%,No,0.85%,Exempt,14.84%,2.04%,Partial,No,Yes,5.78,Exempt,No,11%,Yes,10%,Partial,No,No,No,Yes,No,Partial,Yes,0.19,No,Yes,No,Exempt,Exempt,Exempt,Exempt,Exempt,No,No,No,No,No,No,Not applicable,0.45,7.02,No data,0.5,,,,https://unfccc.int/sites/default/files/NDC/2023-06/12updated%20NDC%20KAZ_Gov%20Decree313_19042023_en_cover%20page.pdf, , , ,,,,,https://unfccc.int/sites/default/files/NDC/2023-06/12updated%20NDC%20KAZ_Gov%20Decree313_19042023_en_cover%20page.pdf, ,,,https://adilet.zan.kz/rus/docs/K2100000400 ,https://adilet.zan.kz/rus/docs/K2100000400 ,https://adilet.zan.kz/rus/docs/K2100000400 , ,https://carbonpricingdashboard.worldbank.org/map_data, ,,,,,https://www.imf.org/en/Topics/climate-change/energy-subsidies,https://www.imf.org/en/Topics/climate-change/energy-subsidies,https://globalenergymonitor.org/projects/global-coal-mine-tracker/tracker-map/,https://data.worldbank.org/indicator/NY.GDP.COAL.RT.ZS , ,https://data.worldbank.org/indicator/NY.GDP.PETR.RT.ZS,https://data.worldbank.org/indicator/NY.GDP.NGAS.RT.ZS ,https://adilet.zan.kz/rus/docs/U2300000121#z216 ,https://adilet.zan.kz/rus/docs/Z1200000541,https://data.worldbank.org/indicator/EG.EGY.PRIM.PP.KD, , ,https://www.iea.org/data-and-statistics/data-tools/energy-statistics-data-browser?country=WORLD&fuel=Energy%20supply&indicator=ElecGenByFuel,https://data.worldbank.org/indicator/ER.LND.PTLD.ZS ,https://www.ibat-alliance.org/country_profiles/, , , ,https://www.undrr.org/media/84088/download?startDownload=true, , ,https://data.worldbank.org/indicator/VA.PER.RNK ,https://adilet.zan.kz/rus/docs/U2300000121#z216 ,https://adilet.zan.kz/rus/docs/U2300000121#z216 ,https://adilet.zan.kz/rus/docs/K2100000400 , ,,,,https://unfccc.int/sites/default/files/resource/684371_Kazakhstan-NC8-BR5-2-8NC_final_en.pdf ,https://unfccc.int/sites/default/files/resource/684371_Kazakhstan-NC8-BR5-2-8NC_final_en.pdf,https://stat.gov.kz/upload/iblock/d8f/s1yvu3d1ncd2rlho9gu7jq9jxq44isa5/%D0%9E%20%D0%B7%D0%B0%D1%82%D1%80%D0%B0%D1%82%D0%B0%D1%85%20%D0%9E%D0%9E%D0%A1%20-%20%D0%BA%D0%B0%D0%B7.pdf, ,https://globalenergymonitor.org/projects/global-solar-power-tracker/ ,https://globalenergymonitor.org/projects/global-wind-power-tracker/ ,https://globalenergymonitor.org/projects/global-geothermal-power-tracker/ ,https://globalenergymonitor.org/projects/global-hydropower-tracker/ ,,, ,,,,,2023,,,2021,2021,2021,2021,2021,2020,2020,2022,2021,,,2023,2023,2023,2023,
,2023-10-31,2023-12,,Canada,Partial,Yes,No,No,Partial,Yes,-41%,No,No or unsuitable disclosure ,No,46%,No,615%,Partial,Yes,2050,Yes,No,Yes,Yes,Yes,Partial,Yes,Yes,82%,No,$48.00,Partial,Yes,2023,No,0.625%,-5%,Yes,0.07%,No,2.83%,0.79%,Partial,Yes,No,6.63,No,Yes,82%,Yes,13%,Partial,Yes,Yes,No,Yes,Exempt,Partial,No,0.96,Yes,Yes,Yes,No,No,0.036%,No,0.035%,Exempt,Exempt,Exempt,Yes,Yes,Yes,Not applicable,1.47,4.14,0.1,2.78,,,,https://unfccc.int/sites/default/files/NDC/2022-06/Canada%27s%20Enhanced%20NDC%20Submission1_FINAL%20EN.pdf, ,https://unfccc.int/sites/default/files/NDC/2022-06/Canada%27s%20Enhanced%20NDC%20Submission1_FINAL%20EN.pdf, ,,,,,https://parl.ca/DocumentViewer/en/43-2/bill/C-12/royal-assent,https://parl.ca/DocumentViewer/en/43-2/bill/C-12/royal-assent,https://parl.ca/DocumentViewer/en/43-2/bill/C-12/royal-assent,https://parl.ca/DocumentViewer/en/43-2/bill/C-12/royal-assent,https://parl.ca/DocumentViewer/en/43-2/bill/C-12/royal-assent,https://parl.ca/DocumentViewer/en/43-2/bill/C-12/royal-assent,https://laws-lois.justice.gc.ca/PDF/G-11.55.pdf], ,https://stats.oecd.org/Index.aspx?DataSetCode=ECR, ,https://laws-lois.justice.gc.ca/PDF/G-11.55.pdf],https://www.canada.ca/en/services/environment/weather/climatechange/climate-plan/inefficient-fossil-fuel-subsidies/guidelines.html,https://pm.gc.ca/en/mandate-letters/2021/12/16/minister-environment-and-climate-change-mandate-letter,https://www.canada.ca/en/services/environment/weather/climatechange/climate-plan/inefficient-fossil-fuel-subsidies/guidelines.html,https://www.imf.org/en/Topics/climate-change/energy-subsidies,https://www.imf.org/en/Topics/climate-change/energy-subsidies,https://www.canada.ca/en/environment-climate-change/services/managing-pollution/energy-production/electricity-generation/statement-government-canada-thermal-coal-mining.html,https://data.worldbank.org/indicator/NY.GDP.COAL.RT.ZS ,https://www.canada.ca/en/natural-resources-canada/news/2022/04/moratorium-extended-on-oil-and-gas-activities-in-georges-bank.html ,https://data.worldbank.org/indicator/NY.GDP.PETR.RT.ZS,https://data.worldbank.org/indicator/NY.GDP.NGAS.RT.ZS ,https://www.canada.ca/en/services/environment/weather/climatechange/climate-plan/climate-plan-overview/emissions-reduction-2030/plan.html,https://laws-lois.justice.gc.ca/PDF/E-6.4.pdf ,https://data.worldbank.org/indicator/EG.EGY.PRIM.PP.KD,https://www.budget.canada.ca/2022/pdf/budget-2022-en.pdf,https://www.canada.ca/en/services/environment/weather/climatechange/climate-plan/climate-plan-overview/emissions-reduction-2030/plan.html,https://www.iea.org/data-and-statistics/data-tools/energy-statistics-data-browser?country=WORLD&fuel=Energy%20supply&indicator=ElecGenByFuel,https://data.worldbank.org/indicator/ER.LND.PTLD.ZS,https://www.ibat-alliance.org/country_profiles?locale=en,https://publications.gc.ca/collections/collection_2023/eccc/en4/En4-544-2023-eng.pdf,https://changingclimate.ca/site/assets/uploads/sites/3/2021/05/National-Issues-Report_Final_EN.pdf,https://publications.gc.ca/collections/collection_2023/eccc/en4/En4-544-2023-eng.pdf,https://www.publicsafety.gc.ca/cnt/rsrcs/pblctns/mrgncy-mngmnt-strtgy/index-en.aspx, , ,https://data.worldbank.org/indicator/VA.PER.RNK ,https://www.canada.ca/en/services/jobs/training/initiatives/sustainable-jobs/plan.html ,https://www.canada.ca/en/services/jobs/training/initiatives/sustainable-jobs/plan.html ,https://laws-lois.justice.gc.ca/PDF/G-11.55.pdf ,https://unfccc.int/BR5,https://unfccc.int/BR5,https://webarchive.nationalarchives.gov.uk/ukgwa/20230401054904/https:/ukcop26.org/wp-content/uploads/2021/11/Table-of-climate-finance-commitments-November-2021.pdf,https://webarchive.nationalarchives.gov.uk/ukgwa/20230401054904/https:/ukcop26.org/wp-content/uploads/2021/11/Table-of-climate-finance-commitments-November-2021.pdf, , ,https://www.budget.canada.ca/2023/pdf/budget-gdql-egdqv-2023-en.pdf ,https://www.budget.canada.ca/2023/pdf/budget-gdql-egdqv-2023-en.pdf ,https://globalenergymonitor.org/projects/global-solar-power-tracker/ ,https://globalenergymonitor.org/projects/global-wind-power-tracker/ ,https://globalenergymonitor.org/projects/global-geothermal-power-tracker/ ,https://globalenergymonitor.org/projects/global-hydropower-tracker/ ,,, ,,,,2021,2021,2018,2021,2021,2021,2021,2021,2021,2021,2021,2022,2021,2020,2021,2023,2023,2023,2023,
,2023-10-31,2023-12,,Thailand,Partial,Yes,No,No,Partial,Yes,-9%,No,No or unsuitable disclosure ,No,122%,No,204%,Yes,Yes,2050,Exempt,Exempt,No,No,No,No,No,No,0%,Exempt,Exempt,No,No,No or unsuitable disclosure ,Exempt,0.047%,-9%,No,0.03%,Exempt,0.48%,0.94%,Partial,Yes,Yes,4.63,Exempt,No,16%,No,19%,Partial,Yes,No,No,Yes,No,No,No,0.27,No,No,Not applicable,Exempt,Exempt,Exempt,Exempt,Exempt,No,No,No,Partial,Yes,No,Not applicable,0.19,0,No data,1.62,,,,https://unfccc.int/sites/default/files/NDC/2022-11/Thailand%202nd%20Updated%20NDC.pdf, ,https://unfccc.int/sites/default/files/NDC/2022-11/Thailand%202nd%20Updated%20NDC.pdf,  ,,,,,https://unfccc.int/sites/default/files/resource/Thailand%20LT-LEDS%20%28Revised%20Version%29_08Nov2022.pdf, ,,,https://unfccc.int/sites/default/files/resource/Thailand%20LT-LEDS%20%28Revised%20Version%29_08Nov2022.pdf, ,https://carbonpricingdashboard.worldbank.org/map_data, , , , ,https://www.apec.org/meeting-papers/leaders-declarations/2009/2009_aelm , ,,https://www.imf.org/en/Topics/climate-change/energy-subsidies,https://www.imf.org/en/Topics/climate-change/energy-subsidies,https://climate.onep.go.th/wp-content/uploads/2023/05/Thailand-LT-LEDS-Revised-Version_08Nov2022.pdf,https://data.worldbank.org/indicator/NY.GDP.COAL.RT.ZS , ,https://data.worldbank.org/indicator/NY.GDP.PETR.RT.ZS,https://data.worldbank.org/indicator/NY.GDP.NGAS.RT.ZS ,https://unfccc.int/sites/default/files/resource/Thailand%20LT-LEDS%20%28Revised%20Version%29_08Nov2022.pdf ,http://berc.dede.go.th/wp-content/uploads/2021/09/EnCon_Act.pdf ,https://data.worldbank.org/indicator/EG.EGY.PRIM.PP.KD, ,https://unfccc.int/sites/default/files/resource/Thailand%20LT-LEDS%20%28Revised%20Version%29_08Nov2022.pdf ,https://www.iea.org/data-and-statistics/data-tools/energy-statistics-data-browser?country=WORLD&fuel=Energy%20supply&indicator=ElecGenByFuel,https://data.worldbank.org/indicator/ER.LND.PTLD.ZS,https://www.ibat-alliance.org/country_profiles/,https://climate.onep.go.th/wp-content/uploads/2021/06/National_Adaptation_Plan_01062021.pdf,https://unfccc.int/sites/default/files/resource/Thailand%20TNC.pdf,https://unfccc.int/sites/default/files/resource/UNFCCC-NAP2021-Progress-report.pdf,https://www.undrr.org/media/84088/download?startDownload=true, , ,https://data.worldbank.org/indicator/VA.PER.RNK ,https://unfccc.int/sites/default/files/resource/Thailand%20LT-LEDS%20%28Revised%20Version%29_08Nov2022.pdf , , ,,,,,https://unfccc.int/sites/default/files/resource/Thailand_BUR4_final_28122022.pdf ,https://climate.onep.go.th/wp-content/uploads/2021/06/National_Adaptation_Plan_01062021.pdf ,https://bbstore.bb.go.th/cms/1671692806_1233.pdf, ,https://globalenergymonitor.org/projects/global-solar-power-tracker/ ,https://globalenergymonitor.org/projects/global-wind-power-tracker/ ,https://globalenergymonitor.org/projects/global-geothermal-power-tracker/ ,https://globalenergymonitor.org/projects/global-hydropower-tracker/ ,,, ,,,,,,,,2021,2021,2021,2021,2021,2020,2020,2022,2021,,,2023,2023,2023,2023,
,2023-10-31,2023-12,,Chile,Partial,Yes,No,No,Partial,Yes,-17%,No,No or unsuitable disclosure ,No,47%,No,49%,Partial,Yes,2050,Yes,No,Yes,Yes,Yes,Partial,Yes,No,33%,No,$5.00,No,No,No or unsuitable disclosure ,No,0.336%,-14%,No,0.00%,No,0.01%,0.02%,Partial,Yes,Yes,3.18,Yes,No,47%,Yes,21%,Yes,Yes,Yes,Yes,Yes,Exempt,Yes,Yes,0.79,Yes,Yes,Yes,Exempt,Exempt,Exempt,Exempt,Exempt,No,No,No,Yes,Yes,Yes,Not applicable,55.47,71.29,0.33,5.75,,,,https://unfccc.int/sites/default/files/NDC/2022-06/Chile%27s_NDC_2020_english.pdf, ,https://unfccc.int/sites/default/files/NDC/2022-06/Chile%27s_NDC_2020_english.pdf, ,,,,,https://climate-laws.org/document/framework-law-on-climate-change-chile_dc8a, ,,,https://www.bcn.cl/leychile/navegar?i=1177286&f=2022-06-13,https://www.bcn.cl/leychile/navegar?i=1177286&f=2022-06-13,https://carbonpricingdashboard.worldbank.org/map_data, ,https://stats.oecd.org/Index.aspx?DataSetCode=ECR, ,https://carbonpricingdashboard.worldbank.org/map_data,https://www.mfat.govt.nz/assets/Environment/Climate-change/Ministerial-Statement-on-FFSR.pdf, ,,https://www.imf.org/en/Topics/climate-change/energy-subsidies,https://www.imf.org/en/Topics/climate-change/energy-subsidies,https://energia.gob.cl/noticias/nacional/gobierno-anuncia-la-salida-ocho-centrales-carbon-en-5-anos-y-la-meta-de-retiro-total-al-2040,https://data.worldbank.org/indicator/NY.GDP.COAL.RT.ZS , ,https://data.worldbank.org/indicator/NY.GDP.PETR.RT.ZS,https://data.worldbank.org/indicator/NY.GDP.NGAS.RT.ZS ,https://unfccc.int/sites/default/files/resource/CHL_LTS_2021_EN_0.pdf,https://www.bcn.cl/leychile/navegar?idNorma=1155887 ,https://data.worldbank.org/indicator/EG.EGY.PRIM.PP.KD,https://www.cmfchile.cl/normativa/ncg_461_2021.pdf,https://cdn.climatepolicyradar.org/navigator/CHL/1900/estrategia-climatica-de-largo-plazo-de-chile-camino-a-la-carbono-neutralidad-y-resiliencia-a-mas-tardar-al-2050_cf11d6050d875895d09f9ffab3d2ee12.pdf,https://www.iea.org/data-and-statistics/data-tools/energy-statistics-data-browser?country=WORLD&fuel=Energy%20supply&indicator=ElecGenByFuel,https://data.worldbank.org/indicator/ER.LND.PTLD.ZS,https://www.ibat-alliance.org/country_profiles?locale=en,https://www4.unfccc.int/sites/NAPC/Documents/Parties/Chile%20NAP%20including%20sectoral%20plans%20Spanish.pdf,https://www4.unfccc.int/sites/NAPC/Documents/Parties/Chile%20NAP%20including%20sectoral%20plans%20Spanish.pdf,https://www.paiscircular.cl/wp-content/uploads/2020/12/Segundo-Reporte-Plan-de-Accion-Nacional-CC-2019-vf.pdf,https://www.undrr.org/media/84088/download?startDownload=true, , ,https://data.worldbank.org/indicator/VA.PER.RNK ,https://energia.gob.cl/sites/default/files/documentos/estrategia_transicion_justa_2021.pdf ,https://energia.gob.cl/sites/default/files/documentos/estrategia_transicion_justa_2021.pdf ,https://energia.gob.cl/sites/default/files/documentos/estrategia_transicion_justa_2021.pdf , ,,,,https://unfccc.int/sites/default/files/resource/CHL_LTS_2021_EN_0.pdf, ,https://www.dipres.gob.cl/598/articles-279106_doc_pdf. ,https://www.dipres.gob.cl/598/w3-article-279119.html ,https://globalenergymonitor.org/projects/global-solar-power-tracker/ ,https://globalenergymonitor.org/projects/global-wind-power-tracker/ ,https://globalenergymonitor.org/projects/global-geothermal-power-tracker/ ,https://globalenergymonitor.org/projects/global-hydropower-tracker/ ,,, ,,,,,2021,2023,,2021,2021,2021,2021,2021,2021,2021,2022,2021,,,2023,2023,2023,2023,
,2023-10-31,2023-12,,South Africa,Partial,Yes,No,No,Partial,Yes,-30%,No,No or unsuitable disclosure ,No,27%,No,235%,Yes,Yes,2050,Exempt,Exempt,No,No,No,Partial,Yes,No,37%,Exempt,Exempt,No,No,No or unsuitable disclosure ,Exempt,1.409%,-6%,No,2.44%,Exempt,0.40%,0.03%,Partial,No,Yes,6.95,Exempt,No,11%,Yes,9%,Partial,Yes,No,Yes,Yes,No,Partial,No,0.72,Yes,Yes,Yes,Exempt,Exempt,Exempt,Exempt,Exempt,Partial,No,Yes,Partial,Yes,No,Not applicable,15.26,7.17,No data,0,,,,https://unfccc.int/sites/default/files/NDC/2022-06/South%20Africa%20updated%20first%20NDC%20September%202021.pdf, ,https://unfccc.int/sites/default/files/NDC/2022-06/South%20Africa%20updated%20first%20NDC%20September%202021.pdf, ,,,,,https://unfccc.int/sites/default/files/resource/South%20Africa%27s%20Low%20Emission%20Development%20Strategy.pdf, ,,,https://www.parliament.gov.za/bill/2300773, ,https://www.gov.za/documents/carbon-tax-act-15-2019-english-afrikaans-23-may-2019-0000, ,https://stats.oecd.org/Index.aspx?DataSetCode=ECR, , ,https://www.dffe.gov.za/sites/default/files/docs/2020lowemission_developmentstrategy.pdf , ,,https://www.imf.org/en/Topics/climate-change/energy-subsidies ,https://www.imf.org/en/Topics/climate-change/energy-subsidies,https://globalenergymonitor.org/projects/global-coal-mine-tracker/tracker-map/ ,https://data.worldbank.org/indicator/NY.GDP.COAL.RT.ZS?locations=ZA , ,https://data.worldbank.org/indicator/NY.GDP.PETR.RT.ZS?locations=ZA ,https://data.worldbank.org/indicator/NY.GDP.NGAS.RT.ZS?locations=ZA,https://www.parliament.gov.za/storage/app/media/Bills/2022/B9_2022_Climate_Change_Bill/B9_2022_Climate_Change_Bill.pdf ,https://www.energy.gov.za/files/policies/nationalenergyact_34of2008.pdf ,https://data.worldbank.org/indicator/EG.EGY.PRIM.PP.KD,https://unfccc.int/sites/default/files/resource/South%20Africa%27s%20Low%20Emission%20Development%20Strategy.pdf,https://unfccc.int/sites/default/files/resource/South%20Africa%27s%20Low%20Emission%20Development%20Strategy.pdf,https://www.iea.org/data-and-statistics/data-tools/energy-statistics-data-browser?country=WORLD&fuel=Energy%20supply&indicator=ElecGenByFuel,https://data.worldbank.org/indicator/ER.LND.PTLD.ZS,https://www.ibat-alliance.org/country_profiles/,https://unfccc.int/sites/default/files/resource/South-Africa_NAP.pdf,https://www.csir.co.za/sites/default/files/Documents/SADC%20Handbook_Second%20Edition_full%20report.pdf,https://www.dffe.gov.za/documents/reports,https://www.undrr.org/media/84088/download?startDownload=true, , ,https://data.worldbank.org/indicator/VA.PER.RNK ,https://pccommissionflo.imgix.net/uploads/images/A-Just-Transition-Framework-for-South-Africa-2022.pdf ,https://pccommissionflo.imgix.net/uploads/images/A-Just-Transition-Framework-for-South-Africa-2022.pdf ,https://pccommissionflo.imgix.net/uploads/images/A-Just-Transition-Framework-for-South-Africa-2022.pdf , ,,,,https://unfccc.int/sites/default/files/NDC/2022-06/South%20Africa%20updated%20first%20NDC%20September%202021.pdf,https://unfccc.int/sites/default/files/resource/South-Africa_NAP.pdf,https://www.treasury.gov.za/documents/national%20budget/2023/ene/FullENE.pdf ,https://www.treasury.gov.za/publications/guidelines/MTEF%202024%20Guidelines.pdf,https://globalenergymonitor.org/projects/global-solar-power-tracker/ ,https://globalenergymonitor.org/projects/global-wind-power-tracker/ ,https://globalenergymonitor.org/projects/global-geothermal-power-tracker/ ,https://globalenergymonitor.org/projects/global-hydropower-tracker/ ,,, ,,,,,2021,,,2021,2021,2021,2021,2021,2020,2021,2022,2021,,,2023,2023,2023,2023,
,2023-10-31,2023-12,,Brazil,No,No,No,No,Partial,Yes,-20%,No,No or unsuitable disclosure ,No,32%,No,181%,Yes,Yes,2050,Exempt,Exempt,Partial,Yes,No,No,No,No,0%,Exempt,Exempt,No,No,No or unsuitable disclosure ,Exempt,0.479%,2%,No,0.01%,Exempt,2.60%,0.07%,Partial,No,Yes,4.01,Exempt,No,87%,Yes,30%,Partial,Yes,No,Yes,Yes,No,Partial,Yes,0.56,No,Yes,Not applicable,Exempt,Exempt,Exempt,Exempt,Exempt,No,No,No,Partial,Yes,No,Not applicable,29.69,83.43,No data,10.63,,,,https://unfccc.int/sites/default/files/NDC/2022-06/Updated%20-%20First%20NDC%20-%20%20FINAL%20-%20PDF.pdf, ,https://unfccc.int/sites/default/files/NDC/2022-06/Updated%20-%20First%20NDC%20-%20%20FINAL%20-%20PDF.pdf,https://unfccc.int/sites/default/files/NDC/2022-06/Updated%20-%20First%20NDC%20-%20%20FINAL%20-%20PDF.pdf, ,,,,https://unfccc.int/sites/default/files/NDC/2022-06/Updated%20-%20First%20NDC%20-%20%20FINAL%20-%20PDF.pdf, ,,,http://www.planalto.gov.br/ccivil_03/_ato2007-2010/2009/lei/l12187.htm,http://www.planalto.gov.br/ccivil_03/_ato2007-2010/2009/lei/l12187.htm ,https://carbonpricingdashboard.worldbank.org/map_data , ,,,,"https://www.gov.br/pt-br/campanhas/brasil-na-cop/copy3_of_absengwebv2.pdf/@@download/file#:~:text=BRASIL%20%2BSUSTENT%C3%81VEL)-,The%20Agenda%20for%20a%20More%20Sustainable%20Brazil%20(Agenda%20Brasil%20%2BSustent%C3%A1vel,that%20contribute%20to%20sustainable%20development. ", ,,https://www.imf.org/en/Topics/climate-change/energy-subsidies,https://www.imf.org/en/Topics/climate-change/energy-subsidies,http://www.planalto.gov.br/ccivil_03/_ato2019-2022/2022/lei/L14299.htm,https://data.worldbank.org/indicator/NY.GDP.COAL.RT.ZS , ,https://data.worldbank.org/indicator/NY.GDP.PETR.RT.ZS,https://data.worldbank.org/indicator/NY.GDP.NGAS.RT.ZS ,https://unfccc.int/sites/default/files/NDC/2022-06/Updated%20-%20First%20NDC%20-%20%20FINAL%20-%20PDF.pdf ,https://rise.esmap.org/countries,https://data.worldbank.org/indicator/EG.EGY.PRIM.PP.KD, ,https://unfccc.int/sites/default/files/NDC/2022-06/Updated%20-%20First%20NDC%20-%20%20FINAL%20-%20PDF.pdf ,https://www.iea.org/data-and-statistics/data-tools/energy-statistics-data-browser?country=WORLD&fuel=Energy%20supply&indicator=ElecGenByFuel,https://data.worldbank.org/indicator/ER.LND.PTLD.ZS,https://www.ibat-alliance.org/country_profiles/,https://www4.unfccc.int/sites/NAPC/Documents/Parties/Brazil%20NAP%20English.pdf,https://unfccc.int/sites/default/files/resource/4a%20Comunicacao%20Nacional.pdf,https://www.gov.br/mma/pt-br/assuntos/climaozoniodesertificacao/clima/arquivos/final-report_en_web.pdf,https://www.undrr.org/media/84088/download?startDownload=true, , ,https://data.worldbank.org/indicator/VA.PER.RNK ,https://www.planalto.gov.br/ccivil_03/_ato2019-2022/2022/lei/l14299.htm ,https://www.gov.br/casacivil/pt-br/assuntos/colegiados/conselho-do-programa-de-transicao-energetica-justa/anexo-i-da-resolucao-no-4-plano-de-transicao-justa-1.pdf , ,,,,,https://unfccc.int/sites/default/files/NDC/2022-06/Updated%20-%20First%20NDC%20-%20%20FINAL%20-%20PDF.pdf ,https://www4.unfccc.int/sites/NAPC/Documents/Parties/Brazil%20NAP%20English.pdf ,https://www.camara.leg.br/internet/comissao/index/mista/orca/orcamento/OR2023/red_final/Consolidado.pdf , ,https://globalenergymonitor.org/projects/global-solar-power-tracker/ ,https://globalenergymonitor.org/projects/global-wind-power-tracker/ ,https://globalenergymonitor.org/projects/global-geothermal-power-tracker/ ,https://globalenergymonitor.org/projects/global-hydropower-tracker/ ,,, ,,,,,,,,2021,2021,2021,2021,2021,2021,2020,2022,2021,,,2023,2023,2023,2023,
,2023-10-31,2023-12,,Kenya,Partial,No,No,Yes,Partial,Yes,79%,No,No or unsuitable disclosure ,No,240%,Yes,-36%,No,No,No or unsuitable disclosure,Exempt,Exempt,Yes,Yes,Yes,Exempt,Exempt,Exempt,Exempt,Exempt,Exempt,Exempt,Exempt,Exempt,Exempt,Exempt,Exempt,Exempt,Exempt,Exempt,Exempt,Exempt,Exempt,Exempt,Exempt,Exempt,Exempt,Exempt,Exempt,Exempt,Exempt,Yes,Yes,Yes,Yes,Yes,Yes,No,No,0.36,No,No,Exempt,Exempt,Exempt,Exempt,Exempt,Exempt,Partial,No,Yes,Yes,Yes,Yes,Not applicable,2.95,5.55,16.56,8.82,,,,https://unfccc.int/sites/default/files/NDC/2022-06/Kenya%27s%20First%20%20NDC%20%28updated%20version%29.pdf, ,https://unfccc.int/sites/default/files/NDC/2022-06/Kenya%27s%20First%20%20NDC%20%28updated%20version%29.pdf, ,,,,,https://unfccc.int/sites/default/files/NDC/2022-06/Kenya%27s%20First%20%20NDC%20%28updated%20version%29.pdf, ,,,https://meas.nema.go.ke/frontpage/download/ClimateChangeActNo11of2016.pdf,https://meas.nema.go.ke/frontpage/download/ClimateChangeActNo11of2016.pdf, , ,,,, ,,,,,,, ,,,,,,,,,,,https://www4.unfccc.int/sites/NAPC/Documents%20NAP/Kenya_NAP_Final.pdf,https://www4.unfccc.int/sites/NAPC/Documents%20NAP/Kenya_NAP_Final.pdf,https://napglobalnetwork.org/wp-content/uploads/2022/01/napgn-en-2022-kenya-NCCAP-2018-2022-Implemantation-Status-Report.pdf,https://www.undrr.org/media/84088/download?startDownload=true,https://www.arc.int/countries, ,https://data.worldbank.org/indicator/VA.PER.RNK ,https://unfccc.int/sites/default/files/NDC/2022-06/Kenya%27s%20First%20%20NDC%20%28updated%20version%29.pdf , , ,,,,,https://unfccc.int/sites/default/files/NDC/2022-06/Kenya%27s%20First%20%20NDC%20%28updated%20version%29.pdf,https://www4.unfccc.int/sites/NAPC/Documents%20NAP/Kenya_NAP_Final.pdf,https://cob.go.ke/reports/national-government-budget-implementation-review-reports/# ,https://cob.go.ke/reports/national-government-budget-implementation-review-reports/# ,https://globalenergymonitor.org/projects/global-solar-power-tracker/ ,https://globalenergymonitor.org/projects/global-wind-power-tracker/ ,https://globalenergymonitor.org/projects/global-geothermal-power-tracker/ ,https://globalenergymonitor.org/projects/global-hydropower-tracker/ ,,, ,,,,,,,,,,,,,,,,2021,,,2023,2023,2023,2023,
,2023-10-31,2023-12,,Morocco,Partial,No,No,Yes,Partial,Yes,20%,No,No or unsuitable disclosure ,No,84%,Yes,-22%,No,No,No or unsuitable disclosure,Exempt,Exempt,No,No,No,Exempt,Exempt,Exempt,Exempt,Exempt,Exempt,Exempt,Exempt,Exempt,Exempt,Exempt,Exempt,Exempt,Exempt,Exempt,Exempt,Exempt,Exempt,Exempt,Exempt,Exempt,Exempt,Exempt,Exempt,Exempt,Exempt,Partial,No,No,No,Yes,No,No,No,0.32,No,No,Exempt,Exempt,Exempt,Exempt,Exempt,Exempt,Partial,Yes,No,No,No,No,Not applicable,100.89,71.42,No data,7.92,,,,https://unfccc.int/sites/default/files/NDC/2022-06/Moroccan%20updated%20NDC%202021%20_Fr.pdf, ,https://unfccc.int/sites/default/files/NDC/2022-06/Moroccan%20updated%20NDC%202021%20_Fr.pdf, ,,,,,https://unfccc.int/sites/default/files/resource/MAR_LTS_Dec2021.pdf, ,,,"https://www.environnement.gov.ma/fr/climat?showall=1&limitstart=#:~:text=3%20.%20Climate,against%20climate%20change",https://noussahimo.gov.ma/images/info/cndd.pdf, , ,,,, ,,,,,,,,,,,,,,,,,,https://www.environnement.gov.ma/fr/climat, ,https://siredd.environnement.gov.ma/fes-meknes/ChangementClimat/Index?idICible=11,https://www.undrr.org/media/84088/download?startDownload=true, ,,https://data.worldbank.org/indicator/VA.PER.RNK , , , ,,,,,https://unfccc.int/sites/default/files/NDC/2022-06/Moroccan%20updated%20NDC%202021%20_Fr.pdf,https://unfccc.int/sites/default/files/NDC/2022-06/Moroccan%20updated%20NDC%202021%20_Fr.pdf,https://www.finances.gov.ma/Publication/db/2022/BC%20LF%202023%20VFr.pdf  , ,https://globalenergymonitor.org/projects/global-solar-power-tracker/ ,https://globalenergymonitor.org/projects/global-wind-power-tracker/ ,https://globalenergymonitor.org/projects/global-geothermal-power-tracker/ ,https://globalenergymonitor.org/projects/global-hydropower-tracker/ ,,, ,,,,,,,,,,,,,,,,2021,,,2023,2023,2023,2023,
,2023-10-31,2023-12,,Germany,Partial,Yes,No,No,Partial,Yes,-45%,No,No or unsuitable disclosure ,No,31%,No,282%,Yes,Yes,2045,Yes,Yes,Yes,Yes,Yes,Yes,Yes,Yes,88%,Yes,$83.10,Partial,Yes,2025,Yes,0.086%,-14%,No,0.01%,No,0.01%,0.02%,Partial,Yes,No,2.74,Yes,No,53%,Yes,38%,Yes,Yes,Yes,Yes,Yes,Exempt,Partial,Yes,0.96,Yes,No,Yes,Partial,Yes,0.202%,No,0.136%,Exempt,Exempt,Exempt,Partial,Yes,No,Not applicable,1.52,4.73,No data,0.17,,,,https://www.gesetze-im-internet.de/englisch_ksg/englisch_ksg.html, ,https://www.gesetze-im-internet.de/englisch_ksg/englisch_ksg.html, ,,,,,https://unfccc.int/sites/default/files/resource/Anlage%202_Update%20to%20the%20long-term%20strategy%20for%20climate%20action%20of%20the%20Federal%20Republic%20of%20Germany_02Nov2022_0.pdf, ,,,https://www.gesetze-im-internet.de/englisch_ksg/englisch_ksg.pdf,https://www.gesetze-im-internet.de/englisch_ksg/englisch_ksg.pdf,https://eur-lex.europa.eu/legal-content/EN/TXT/?uri=celex%3A32003L0087, ,https://stats.oecd.org/Index.aspx?DataSetCode=ECR,0,https://icapcarbonaction.com/en/ets ,https://energy.ec.europa.eu/system/files/2022-08/de_final_necp_main_en.pdf ,https://energy.ec.europa.eu/system/files/2022-08/de_final_necp_main_en.pdf ,https://energy.ec.europa.eu/system/files/2022-08/de_final_necp_main_en.pdf ,https://www.imf.org/en/Topics/climate-change/energy-subsidies,https://www.imf.org/en/Topics/climate-change/energy-subsidies,https://www.bundesregierung.de/breg-de/schwerpunkte/klimaschutz/kohleausstieg-1664496 ,https://data.worldbank.org/indicator/NY.GDP.COAL.RT.ZS , ,https://data.worldbank.org/indicator/NY.GDP.PETR.RT.ZS,https://data.worldbank.org/indicator/NY.GDP.NGAS.RT.ZS ,https://unfccc.int/sites/default/files/resource/Anlage%202_Update%20to%20the%20long-term%20strategy%20for%20climate%20action%20of%20the%20Federal%20Republic%20of%20Germany_02Nov2022_0.pdf ,https://www.bmwk.de/Redaktion/DE/Publikationen/Energie/energieeffiezienzstrategie-2050.pdf?__blob=publicationFile&v=1,https://data.worldbank.org/indicator/EG.EGY.PRIM.PP.KD,https://www.gesetze-im-internet.de/englisch_hgb/englisch_hgb.html,https://unfccc.int/sites/default/files/resource/Anlage%202_Update%20to%20the%20long-term%20strategy%20for%20climate%20action%20of%20the%20Federal%20Republic%20of%20Germany_02Nov2022_0.pdf ,https://www.iea.org/data-and-statistics/data-tools/energy-statistics-data-browser?country=WORLD&fuel=Energy%20supply&indicator=ElecGenByFuel,https://data.worldbank.org/indicator/ER.LND.PTLD.ZS,https://www.ibat-alliance.org/country_profiles/,"https://www.umweltbundesamt.de/en/topics/climate-energy/climate-impacts-adaptation/adaption-to-climate-change/adaptation-at-the-federal-levelnew/adaptation-action-plan#:~:text=The%20Adaptation%20Action%20Plan%20III%20contained%20in%20the%20report%20describes,in%20all%20fields%20of%20action.",https://www.umweltbundesamt.de/sites/default/files/medien/378/publikationen/climate_change_24_2015_vulnerabilitaet_deutschlands_gegenueber_dem_klimawandel_1.pdf,https://www.bmuv.de/en/download/second-progress-report-on-the-german-strategy-for-adaptation-to-climate-change-das,https://www.undrr.org/media/84088/download?startDownload=true, , ,https://data.worldbank.org/indicator/VA.PER.RNK ,https://www.bmwk.de/Redaktion/EN/Publikationen/commission-on-growth-structural-change-and-employment.pdf?__blob=publicationFile&v=3 ,https://www.bmwk.de/Redaktion/EN/Publikationen/commission-on-growth-structural-change-and-employment.pdf?__blob=publicationFile&v=3 ,https://data.consilium.europa.eu/doc/document/PE-11-2023-INIT/en/pdf ,https://unfccc.int/BR5,https://unfccc.int/BR5,https://webarchive.nationalarchives.gov.uk/ukgwa/20230401054904/https:/ukcop26.org/wp-content/uploads/2021/11/Table-of-climate-finance-commitments-November-2021.pdf,https://webarchive.nationalarchives.gov.uk/ukgwa/20230401054904/https:/ukcop26.org/wp-content/uploads/2021/11/Table-of-climate-finance-commitments-November-2021.pdf,https://unfccc.int/sites/default/files/NDC/2022-06/EU_NDC_Submission_December%202020_0.pdf ,https://climate-laws.org/documents/german-strategy-for-adaptation-to-climate-change-das_1c14,https://www.bundeshaushalt.de/DE/Bundeshaushalt-digital/bundeshaushalt-digital.html ,https://www.bundesrechnungshof.de/SharedDocs/Downloads/DE/Berichte/2023/ergaenzungsband-2022/bemerkungen-ergaenzungsband.pdf?__blob=publicationFile&v=3 ,https://globalenergymonitor.org/projects/global-solar-power-tracker/ ,https://globalenergymonitor.org/projects/global-wind-power-tracker/ ,https://globalenergymonitor.org/projects/global-geothermal-power-tracker/ ,https://globalenergymonitor.org/projects/global-hydropower-tracker/ ,,, ,,,,,2021,2022,2019,2021,2021,2021,2021,2021,2021,2021,2022,2021,2020,2021,2023,2023,2023,2023,
,2023-10-31,2023-12,,United Kingdom,Partial,Yes,No,No,Partial,Yes,-42%,No,No or unsuitable disclosure ,No,35%,No,159%,Partial,Yes,2050,Yes,No,Yes,Yes,Yes,Partial,Yes,No,28%,Yes,$92.96,No,No,No or unsuitable disclosure ,No,0.260%,-7%,No,0.00%,No,0.42%,0.17%,Partial,Yes,No,2.23,Yes,Yes,57%,No,28%,Yes,Yes,Yes,Yes,Yes,Exempt,Partial,Yes,0.93,No,Yes,No,Partial,No,0.006%,Yes,0.082%,Exempt,Exempt,Exempt,Yes,Yes,Yes,Not applicable,6.65,41.82,0.1,1.85,,,,https://unfccc.int/sites/default/files/NDC/2022-06/UK%20Nationally%20Determined%20Contribution.pdf, ,https://unfccc.int/sites/default/files/NDC/2022-06/UK%20Nationally%20Determined%20Contribution.pdf, ,,,,,https://www.legislation.gov.uk/ukdsi/2019/9780111187654,  ,,,https://www.legislation.gov.uk/ukpga/2008/27/contents,https://www.legislation.gov.uk/ukpga/2008/27/contents,https://www.legislation.gov.uk/uksi/2020/1265/made, ,https://stats.oecd.org/Index.aspx?DataSetCode=ECR,0,https://icapcarbonaction.com/en/ets,https://bills.parliament.uk/bills/3015/stages/16020/amendments/90971 , , ,https://www.imf.org/en/Topics/climate-change/energy-subsidies,https://www.imf.org/en/Topics/climate-change/energy-subsidies,https://www.gov.uk/government/news/end-to-coal-power-brought-forward-to-october-2024,https://data.worldbank.org/indicator/NY.GDP.COAL.RT.ZS , ,https://data.worldbank.org/indicator/NY.GDP.PETR.RT.ZS,https://data.worldbank.org/indicator/NY.GDP.NGAS.RT.ZS ,https://unfccc.int/sites/default/files/resource/UK%20Net%20Zero%20Strategy%20-%20Build%20Back%20Greener.pdf,https://climate-laws.org/documents/net-zero-growth-plan_7c3f?q=plan&l=united-kingdom,https://data.worldbank.org/indicator/EG.EGY.PRIM.PP.KD,https://assets.publishing.service.gov.uk/government/uploads/system/uploads/attachment_data/file/1056085/mandatory-climate-related-financial-disclosures-publicly-quoted-private-cos-llps.pdf,https://cdn.climatepolicyradar.org/navigator/GBR/2021/net-zero-strategy-build-back-greener_0fdb5eb8c251d8c2a37a5a1cb4c57f3f.pdf,https://www.iea.org/data-and-statistics/data-tools/energy-statistics-data-browser?country=WORLD&fuel=Energy%20supply&indicator=ElecGenByFuel,https://data.worldbank.org/indicator/ER.LND.PTLD.ZS,https://www.ibat-alliance.org/country_profiles?locale=en,https://www.gov.uk/government/publications/third-national-adaptation-programme-nap3,https://assets.publishing.service.gov.uk/government/uploads/system/uploads/attachment_data/file/1047003/climate-change-risk-assessment-2022.pdf,"https://www.theccc.org.uk/publication/progress-in-adapting-to-climate-change-2023-report-to-parliament/#:~:text=Adaptation%20This%20report%20provides%20the%20Committee%E2%80%99s%20biennial%20report,to%20help%20prepare%20the%20country%20for%20climate%20change.",https://www.undrr.org/media/84088/download?startDownload=true, , ,https://data.worldbank.org/indicator/VA.PER.RNK , ,https://assets.publishing.service.gov.uk/media/6194dfa4d3bf7f0555071b1b/net-zero-strategy-beis.pdf, ,https://unfccc.int/BR5,https://unfccc.int/BR5,https://webarchive.nationalarchives.gov.uk/ukgwa/20230401054904/https:/ukcop26.org/wp-content/uploads/2021/11/Table-of-climate-finance-commitments-November-2021.pdf,https://webarchive.nationalarchives.gov.uk/ukgwa/20230401054904/https:/ukcop26.org/wp-content/uploads/2021/11/Table-of-climate-finance-commitments-November-2021.pdf, , ,https://www.gov.uk/government/publications/spring-budget-2023/spring-budget-2023-html ,https://www.gov.uk/government/publications/environmental-impacts-of-spending-review-2021/environmental-impacts-analysis-to-accompany-autumn-budget-and-spending-review-2021   ,https://globalenergymonitor.org/projects/global-solar-power-tracker/ ,https://globalenergymonitor.org/projects/global-wind-power-tracker/ ,https://globalenergymonitor.org/projects/global-geothermal-power-tracker/ ,https://globalenergymonitor.org/projects/global-hydropower-tracker/ ,,, ,,,,,2021,2022,,2021,2021,2021,2021,2021,2021,2021,2022,2021,2020,2021,2023,2023,2023,2023,
,2023-10-31,2023-12,,India,No,No,No,No,Partial,Yes,50%,No,No or unsuitable disclosure ,No,201%,No,163%,Yes,Yes,2070,Exempt,Exempt,No,No,No,Exempt,Exempt,Exempt,Exempt,Exempt,Exempt,Exempt,Exempt,Exempt,Exempt,Exempt,Exempt,Exempt,Exempt,Exempt,Exempt,Exempt,Exempt,Exempt,Exempt,Exempt,Exempt,Exempt,Exempt,Exempt,Exempt,Partial,No,No,No,Yes,No,No,No,0.52,No,No,Exempt,Exempt,Exempt,Exempt,Exempt,Exempt,No,No,No,Partial,Yes,No,Not applicable,16.92,5.64,No data,23.3,,,,https://unfccc.int/sites/default/files/NDC/2022-08/India%20Updated%20First%20Nationally%20Determined%20Contrib.pdf, , , ,,,,,"https://pib.gov.in/PressReleasePage.aspx?PRID=1768712#:~:text=And%20fifth%2D%20by%20the%20year,have%20proved%20to%20be%20hollow.", ,,,,,,,,,,,,,,,,,,,,,,,,,,,,https://static.pib.gov.in/WriteReadData/specificdocs/documents/2021/dec/doc202112101.pdf,https://dst.gov.in/sites/default/files/Full%20Report%20%281%29.pdf,https://dst.gov.in/climate-change-programme,https://www.undrr.org/media/84088/download?startDownload=true, , ,https://data.worldbank.org/indicator/VA.PER.RNK , ,https://sscgj.in/wp-content/uploads/2022/07/Green-Jobs-Job-Roles-Hand-Book.pdf , ,,,,,https://unfccc.int/sites/default/files/resource/indnc2.pdf,https://climate-laws.org/documents/india-s-long-term-low-carbon-development-strategy_efbc?q=india+adaptation,https://www.indiabudget.gov.in/doc/Budget_Speech.pdf ,https://www.oecd-ilibrary.org/sites/acf5d047-en/1/3/2/index.html?itemId=/content/publication/acf5d047-en&_csp_=3bdc5c1c30cb759d429453c611be28ba&itemIGO=oecd&itemContentType=book#section-d1e313 ,https://globalenergymonitor.org/projects/global-solar-power-tracker/ ,https://globalenergymonitor.org/projects/global-wind-power-tracker/ ,https://globalenergymonitor.org/projects/global-geothermal-power-tracker/ ,https://globalenergymonitor.org/projects/global-hydropower-tracker/ ,,, ,,,,,,,,,,,,,,,,2021,,,2023,2023,2023,2023,
,2023-10-31,2023-12,,Barbados,Partial,No,No data,Yes,Partial,Yes,-76%,No,No or unsuitable disclosure ,No data,No data,Yes,-95%,Yes,Yes,2030,Yes,Yes,No,No,No,No,No,No,0%,No,$0.00,Partial,Yes,2017,Not applicable,0.000%,Not applicable,Not applicable,0.00%,No,0.31%,0.01%,Partial,No,No,4.43,No,Yes,6%,No,1%,Partial,No,No,No,Yes,Yes,No,No,0.88,No,No,Not applicable,Exempt,Exempt,Exempt,Exempt,Exempt,No,No,No,No,No,No,Not applicable,12.42,5.32,No data,No data,,,,https://unfccc.int/sites/default/files/NDC/2022-06/2021%20Barbados%20NDC%20update%20-%2021%20July%202021.pdf, ,https://unfccc.int/sites/default/files/NDC/2022-06/2021%20Barbados%20NDC%20update%20-%2021%20July%202021.pdf, ,,,,,https://unfccc.int/sites/default/files/NDC/2022-06/2021%20Barbados%20NDC%20update%20-%2021%20July%202021.pdf, ,,,,,https://unfccc.int/sites/default/files/NDC/2022-06/2021%20Barbados%20NDC%20update%20-%2021%20July%202021.pdf , ,,,,https://www.imf.org/en/Topics/climate-change/energy-subsidies ,https://www.imf.org/en/Topics/climate-change/energy-subsidies , ,https://www.imf.org/en/Topics/climate-change/energy-subsidies , ,https://globalenergymonitor.org/projects/global-coal-mine-tracker/tracker-map/, ,https://data.worldbank.org/indicator/NY.GDP.COAL.RT.ZS?locations=BB ,https://data.worldbank.org/indicator/NY.GDP.PETR.RT.ZS?locations=BB ,https://data.worldbank.org/indicator/NY.GDP.NGAS.RT.ZS?locations=BB ,https://unfccc.int/sites/default/files/NDC/2022-06/2021%20Barbados%20NDC%20update%20-%2021%20July%202021.pdf ,https://unfccc.int/sites/default/files/NDC/2022-06/2021%20Barbados%20NDC%20update%20-%2021%20July%202021.pdf ,https://data.worldbank.org/indicator/EG.EGY.PRIM.PP.KD,https://www.state.gov/reports/2023-investment-climate-statements/barbados/ ,https://unfccc.int/sites/default/files/NDC/2022-06/2021%20Barbados%20NDC%20update%20-%2021%20July%202021.pdf ,https://energy.gov.bb/download/national-energy-policy-2019-2030/?wpdmdl=3330&refresh=64e739db0079b1692875227,https://data.worldbank.org/indicator/ER.LND.PTLD.ZS?locations=BB,https://www.ibat-alliance.org/country_profiles/, , , ,https://gisbarbados.gov.bb/blog/tag/physical-development-plan/,https://www.ccrif.org/member-countries,  ,https://data.worldbank.org/indicator/VA.PER.RNK ,https://www.barbadosparliament.com/uploads/sittings/attachments/17949122239daac3dd0e8c931a178060.pdf ,https://energy.gov.bb/download/barbados-national-energy-policy-2019-2030/?wpdmdl=2669&refresh=65130cf7b9cb21695747319 , ,,,,,https://unfccc.int/sites/default/files/NDC/2022-06/2021%20Barbados%20NDC%20update%20-%2021%20July%202021.pdf, ,https://www.barbadosparliament.com/uploads/document/ee10e8c8c20422828f5fc8cc0d73fc24.pdf  ,https://www.imf.org/-/media/Files/Publications/CR/2023/English/1BRBEA2023001.ashx ,https://globalenergymonitor.org/projects/global-solar-power-tracker/ ,https://globalenergymonitor.org/projects/global-wind-power-tracker/ ,https://globalenergymonitor.org/projects/global-geothermal-power-tracker/ ,https://globalenergymonitor.org/projects/global-hydropower-tracker/ ,,, ,,,,,,,2021,2021,,,2021,2021,2021,2021,2022,2021,,,2023,2023,2023,2023,
,2023-10-31,2023-12,,Bangladesh,Partial,No,No,Yes,Partial,Yes,92%,No,No or unsuitable disclosure ,No,262%,Yes,-27%,No,No,No or unsuitable disclosure,Exempt,Exempt,No,No,No,Exempt,Exempt,Exempt,Exempt,Exempt,Exempt,Exempt,Exempt,Exempt,Exempt,Exempt,Exempt,Exempt,Exempt,Exempt,Exempt,Exempt,Exempt,Exempt,Exempt,Exempt,Exempt,Exempt,Exempt,Exempt,Exempt,Partial,Yes,No,No,Yes,No,Partial,No,0.28,No,Yes,Exempt,Exempt,Exempt,Exempt,Exempt,Exempt,Partial,Yes,No,Yes,Yes,Yes,Not applicable,5.85,0.77,0.43,0,,,,https://unfccc.int/sites/default/files/NDC/2022-06/NDC_submission_20210826revised.pdf, ,https://unfccc.int/sites/default/files/NDC/2022-06/NDC_submission_20210826revised.pdf, ,,,,,, ,,,http://www.bcct.gov.bd/sites/default/files/files/bcct.portal.gov.bd/files/9f965916_24d8_4465_9fd2_b1e4bb7582f1/Climate%20Change%20Trust%20Act_2010%20Eanlish.pdf, ,,,,,,,,,,,,,,,,,,,,,,,,https://www4.unfccc.int/sites/SubmissionsStaging/Documents/202211020942---National%20Adaptation%20Plan%20of%20Bangladesh%20(2023-2050).pdf, , ,https://www.undrr.org/media/84088/download?startDownload=true, ,,https://data.worldbank.org/indicator/VA.PER.RNK ,https://moef.portal.gov.bd/sites/default/files/files/moef.portal.gov.bd/publications/f6c2ae73_30eb_4174_9adb_022323da1f39/Mujib%20Climate%20Prosperity%20Plan%202022-2041.pdf ,https://moef.portal.gov.bd/sites/default/files/files/moef.portal.gov.bd/publications/f6c2ae73_30eb_4174_9adb_022323da1f39/Mujib%20Climate%20Prosperity%20Plan%202022-2041.pdf , ,,,,,https://unfccc.int/sites/default/files/NDC/2022-06/NDC_submission_20210826revised.pdf,https://unfccc.int/sites/default/files/resource/TNC Report %28Low Resolation%29 03_01_2019.pdf,https://mof.portal.gov.bd/sites/default/files/files/mof.portal.gov.bd/page/6e496a5b_f5c1_447b_bbb4_257a2d8a97a1/Climate%20English.pdf ,https://mof.portal.gov.bd/sites/default/files/files/mof.portal.gov.bd/page/6e496a5b_f5c1_447b_bbb4_257a2d8a97a1/Climate%20English.pdf ,https://globalenergymonitor.org/projects/global-solar-power-tracker/ ,https://globalenergymonitor.org/projects/global-wind-power-tracker/ ,https://globalenergymonitor.org/projects/global-geothermal-power-tracker/ ,https://globalenergymonitor.org/projects/global-hydropower-tracker/ ,,, ,,,,,,,,,,,,,,,,2021,,,2023,2023,2023,2023,
,2024-10-31,2023-12,,Japan,Partial,Yes,No,No,Partial,Yes,-33%,Yes,15%,No,71%,No,408%,Partial,Yes,2050,Yes,No,Yes,Yes,Yes,Partial,Yes,Yes,73%,No,$2.00,No,No,No or unsuitable disclosure ,No,0.126%,293%,No,0.00%,No,0.00%,0.01%,Partial,Yes,Yes,3.29,No,No,32%,Yes,30%,Yes,Yes,Yes,Yes,Yes,Exempt,No,No,0.84,No,No,No,Partial,Yes,0.209%,No,No or unsuitable disclosure ,Exempt,Exempt,Exempt,Partial,Yes,No,Not applicable,0.63,12.41,0,0.14,,,,https://unfccc.int/sites/default/files/NDC/2022-06/JAPAN_FIRST%20NDC%20%28UPDATED%20SUBMISSION%29.pdf, ,https://unfccc.int/sites/default/files/NDC/2022-06/JAPAN_FIRST%20NDC%20%28UPDATED%20SUBMISSION%29.pdf, ,,,,,https://unfccc.int/sites/default/files/NDC/2022-06/JAPAN_FIRST%20NDC%20%28UPDATED%20SUBMISSION%29.pdf,https://unfccc.int/sites/default/files/NDC/2022-06/JAPAN_FIRST%20NDC%20%28UPDATED%20SUBMISSION%29.pdf, ,,https://www.japaneselawtranslation.go.jp/en/laws/view/4387,https://www.japaneselawtranslation.go.jp/en/laws/view/4387 ,https://climate-laws.org/geographies/japan/laws/act-partially-amending-the-law-on-special-tax-measures-tax-reform-act-2012-law-no-16-of-2012 , ,https://stats.oecd.org/Index.aspx?DataSetCode=ECR, ,https://carbonpricingdashboard.worldbank.org/map_data,https://www.meti.go.jp/information/g7hirosima/energy/pdf/G7MinistersCommunique2023.pdf , , ,https://www.imf.org/en/Topics/climate-change/energy-subsidies,https://www.imf.org/en/Topics/climate-change/energy-subsidies,https://globalenergymonitor.org/projects/global-coal-mine-tracker/tracker-map/,https://data.worldbank.org/indicator/NY.GDP.COAL.RT.ZS , ,https://data.worldbank.org/indicator/NY.GDP.PETR.RT.ZS,https://data.worldbank.org/indicator/NY.GDP.NGAS.RT.ZS ,https://unfccc.int/sites/default/files/NDC/2022-06/JAPAN_FIRST%20NDC%20%28UPDATED%20SUBMISSION%29.pdf,https://elaws.e-gov.go.jp/document?lawid=354AC0000000049 ,https://data.worldbank.org/indicator/EG.EGY.PRIM.PP.KD,https://www.fsa.go.jp/inter/etc/20211104/01.pdf ,https://www.meti.go.jp/information/g7hirosima/energy/pdf/G7MinistersCommunique2023.pdf ,https://www.iea.org/data-and-statistics/data-tools/energy-statistics-data-browser?country=WORLD&fuel=Energy%20supply&indicator=ElecGenByFuel,https://data.worldbank.org/indicator/ER.LND.PTLD.ZS?locations,https://www.ibat-alliance.org/country_profiles/,https://www.env.go.jp/content/900440195.pdf,https://www.env.go.jp/content/000047546.pdf,https://unfccc.int/sites/default/files/resource/2_Japan_July%202018_MOEJ%20Adaptation%20Overview%20REV.pdf,https://www.undrr.org/media/84088/download?startDownload=true, ,,https://data.worldbank.org/indicator/VA.PER.RNK ,https://www.enecho.meti.go.jp/category/others/basic_plan/pdf/20211022_01.pdf ,https://unfccc.int/sites/default/files/resource/Japan_LTS2021.pdf ,https://www.env.go.jp/content/900453366.pdf ,https://unfccc.int/BR5,https://unfccc.int/BR5,https://webarchive.nationalarchives.gov.uk/ukgwa/20230401054904/https:/ukcop26.org/wp-content/uploads/2021/11/Table-of-climate-finance-commitments-November-2021.pdf,https://webarchive.nationalarchives.gov.uk/ukgwa/20230401054904/https:/ukcop26.org/wp-content/uploads/2021/11/Table-of-climate-finance-commitments-November-2021.pdf,https://unfccc.int/sites/default/files/NDC/2022-06/JAPAN_FIRST%20NDC%20%28UPDATED%20SUBMISSION%29.pdf,https://www.env.go.jp/content/900440195.pdf,https://www.env.go.jp/content/000143145.pdf , ,https://globalenergymonitor.org/projects/global-solar-power-tracker/ ,https://globalenergymonitor.org/projects/global-wind-power-tracker/ ,https://globalenergymonitor.org/projects/global-geothermal-power-tracker/ ,https://globalenergymonitor.org/projects/global-hydropower-tracker/ ,,, ,,,,2021,2021,2023,,2021,2021,2021,2021,2021,2021,2021,2022,2021,2020,2021,2023,2023,2023,2023,
