Id,Country,Emissions metric,Emissions boundary,Units,Assessment date,Publication date,Last historical year,metric EP1.a.i,source metric EP1.a.i,year metric EP1.a.i,metric EP1.a.ii 1-year,metric EP1.a.ii 3-year,metric EP1.a.ii 5-year,source metric EP1.a.ii,year metric EP1.a.ii,2005,2006,2007,2008,2009,2010,2011,2012,2013,2014,2015,2016,2017,2018,2019,2020,2021,2022,2023,2024,2025,2026,2027,2028,2029,2030
,United States,Absolute,Production - excluding LULUCF,MtCO₂e,2023-10-31,2023-12,2021,6220.00,https://zenodo.org/record/7727475,2021,3.9%,-2.3%,-0.9%,https://zenodo.org/record/7727475,2021,7457.80,7378.10,7483.10,7258.50,6799.70,7019.40,6857.30,6619.70,6797.40,6856.40,6697.50,6545.20,6507.00,6697.60,6580.00,5984.80,6220.00,5981.49,5742.98,5504.48,5265.97,5027.46,4788.95,4550.45,4311.94,4073.43
,United States,Intensity per capita,Production - excluding LULUCF,tCO₂e/capita,2023-10-31,2023-12,2021,18.73,https://zenodo.org/record/7727476,2021,3.8%,-2.8%,-1.4%,https://zenodo.org/record/7727476,2021,25.24,24.73,24.84,23.87,22.17,22.69,22.01,21.09,21.51,21.53,20.88,20.26,20.01,20.49,20.04,18.05,18.73,,,,,,,,,
,United States,Intensity per GDP-PPP,Production - excluding LULUCF,tCO₂e/Million I US$,2023-10-31,2023-12,2021,266.78,https://zenodo.org/record/7727477,2021,-6.1%,-6.5%,-5.3%,https://zenodo.org/record/7727477,2021,571.95,534.04,516.99,491.44,469.66,466.44,439.58,407.27,403.57,390.66,367.87,350.10,334.08,326.19,307.75,284.17,266.78,,,,,,,,,
,United States,Absolute,Production - only LULUCF ,MtCO₂e,2023-10-31,2023-12,2021,-792.26,https://zenodo.org/record/7727481,2021,0.6%,0.2%,1.4%,https://zenodo.org/record/7727481,2021,-820.66,-846.22,-807.91,-794.49,-763.59,-786.45,-828.61,-829.18,-796.70,-808.24,-736.08,-854.93,-815.18,-799.93,-756.03,-797.00,-792.26,,,,,,,,,
,United States,Intensity per capita,Production - only LULUCF ,tCO₂e/Population,2023-10-31,2023-12,2021,-2.39,https://zenodo.org/record/7727482,2021,0.8%,0.8%,2.0%,https://zenodo.org/record/7727482,2021,-2.78,-2.84,-2.68,-2.61,-2.49,-2.54,-2.66,-2.64,-2.52,-2.54,-2.29,-2.65,-2.51,-2.45,-2.30,-2.40,-2.39,,,,,,,,,
,United States,Intensity per GDP-PPP,Production - only LULUCF ,tCO₂e/Million I US$,2023-10-31,2023-12,2021,-33.98,https://zenodo.org/record/7727483,2021,10.2%,4.1%,5.6%,https://zenodo.org/record/7727483,2021,-62.94,-61.25,-55.82,-53.79,-52.74,-52.26,-53.12,-51.01,-47.30,-46.05,-40.43,-45.73,-41.85,-38.96,-35.36,-37.84,-33.98,,,,,,,,,
,United States,Absolute,Consumption - excluding LULUCF,MtCO₂e,2023-10-31,2023-12,2018,5740.73,https://stats.oecd.org/Index.aspx?DataSetCode=IO_GHG_2021,2018,2.6%,0.0%,0.0%,https://stats.oecd.org/Index.aspx?DataSetCode=IO_GHG_2021,2018,6799.22,6732.23,6664.50,6340.34,5822.09,6070.33,5836.77,5627.95,5732.72,5759.06,5739.02,5635.73,5595.08,5740.73,,,,,,,,,,,,
,United States,Intensity per capita,Consumption - excluding LULUCF,tCO₂/capita,2023-10-31,2023-12,2018,17.56,https://stats.oecd.org/Index.aspx?DataSetCode=IO_GHG_2022,2018,2.1%,-0.6%,-0.6%,https://stats.oecd.org/Index.aspx?DataSetCode=IO_GHG_2022,2018,23.01,22.56,22.12,20.85,18.98,19.62,18.73,17.93,18.14,18.09,17.89,17.44,17.21,17.56,,,,,,,,,,,,
,United States,Intensity per GDP-PPP,Consumption - excluding LULUCF,tCO₂/Million I US$,2023-10-31,2023-12,2018,279.58,https://stats.oecd.org/Index.aspx?DataSetCode=IO_GHG_2023,2018,-2.7%,-3.9%,-3.9%,https://stats.oecd.org/Index.aspx?DataSetCode=IO_GHG_2023,2018,521.44,487.29,460.44,429.28,402.13,403.37,374.16,346.25,340.36,328.14,315.23,301.45,287.26,279.58,,,,,,,,,,,,
,Japan,Absolute,Production - excluding LULUCF,MtCO₂e,2023-10-31,2023-12,2021,1178.14,https://zenodo.org/record/7727475,2021,2.4%,-1.8%,-1.9%,https://zenodo.org/record/7727475,2021,1383.65,1365.04,1394.20,1318.93,1248.09,1301.48,1351.83,1394.32,1408.56,1359.71,1320.39,1302.24,1294.51,1245.67,1217.33,1150.28,1178.14,1137.66,1097.18,1056.70,1016.22,975.74,935.26,894.78,854.30,813.82
,Japan,Intensity per capita,Production - excluding LULUCF,tCO₂e/capita,2023-10-31,2023-12,2021,9.37,https://zenodo.org/record/7727476,2021,2.9%,-1.5%,-1.7%,https://zenodo.org/record/7727476,2021,10.83,10.68,10.89,10.30,9.75,10.16,10.57,10.92,11.05,10.68,10.39,10.25,10.20,9.82,9.61,9.11,9.37,,,,,,,,,
,Japan,Intensity per GDP-PPP,Production - excluding LULUCF,tCO₂e/Million I US$,2023-10-31,2023-12,2021,218.85,https://zenodo.org/record/7727477,2021,0.1%,-2.1%,-2.8%,https://zenodo.org/record/7727477,2021,336.62,317.43,311.06,291.98,290.55,287.59,292.01,290.51,280.50,270.08,253.93,252.43,246.00,233.09,227.42,218.56,218.85,,,,,,,,,
,Japan,Absolute,Production - only LULUCF ,MtCO₂e,2023-10-31,2023-12,2021,-53.82,https://zenodo.org/record/7727481,2021,-3.3%,1.0%,-0.7%,https://zenodo.org/record/7727481,2021,-88.79,-84.13,-79.69,-68.90,-65.76,-69.97,-68.09,-70.18,-63.03,-61.03,-56.52,-52.34,-56.43,-55.76,-51.03,-52.08,-53.82,,,,,,,,,
,Japan,Intensity per capita,Production - only LULUCF ,tCO₂e/Population,2023-10-31,2023-12,2021,-0.43,https://zenodo.org/record/7727482,2021,-3.8%,0.7%,-0.9%,https://zenodo.org/record/7727482,2021,-0.69,-0.66,-0.62,-0.54,-0.51,-0.55,-0.53,-0.55,-0.49,-0.48,-0.44,-0.41,-0.44,-0.44,-0.40,-0.41,-0.43,,,,,,,,,
,Japan,Intensity per GDP-PPP,Production - only LULUCF ,tCO₂e/Million I US$,2023-10-31,2023-12,2021,-10.00,https://zenodo.org/record/7727483,2021,-1.0%,1.3%,0.2%,https://zenodo.org/record/7727483,2021,-21.60,-19.56,-17.78,-15.25,-15.31,-15.46,-14.71,-14.62,-12.55,-12.12,-10.87,-10.15,-10.72,-10.43,-9.53,-9.90,-10.00,,,,,,,,,
,Japan,Absolute,Consumption - excluding LULUCF,MtCO₂e,2023-10-31,2023-12,2018,1312.01,https://stats.oecd.org/Index.aspx?DataSetCode=IO_GHG_2021,2018,-1.1%,-1.0%,-2.5%,https://stats.oecd.org/Index.aspx?DataSetCode=IO_GHG_2021,2018,1544.72,1529.21,1538.22,1503.32,1384.53,1480.73,1517.15,1569.50,1487.69,1431.63,1350.41,1345.94,1327.21,1312.01,,,,,,,,,,,,
,Japan,Intensity per capita,Consumption - excluding LULUCF,tCO₂/capita,2023-10-31,2023-12,2018,10.35,https://stats.oecd.org/Index.aspx?DataSetCode=IO_GHG_2022,2018,-1.0%,-0.9%,-2.4%,https://stats.oecd.org/Index.aspx?DataSetCode=IO_GHG_2022,2018,12.09,11.96,12.02,11.74,10.81,11.56,11.87,12.30,11.67,11.25,10.62,10.59,10.45,10.35,,,,,,,,,,,,
,Japan,Intensity per GDP-PPP,Consumption - excluding LULUCF,tCO₂/Million I US$,2023-10-31,2023-12,2018,245.51,https://stats.oecd.org/Index.aspx?DataSetCode=IO_GHG_2023,2018,-2.7%,-1.8%,-3.6%,https://stats.oecd.org/Index.aspx?DataSetCode=IO_GHG_2023,2018,375.80,355.60,343.19,332.79,322.31,327.20,327.72,327.01,296.26,284.37,259.70,260.90,252.21,245.51,,,,,,,,,,,,
,France,Absolute,Production - excluding LULUCF,MtCO₂e,2023-10-31,2023-12,2021,428.52,https://zenodo.org/record/7727475,2021,6.9%,-1.5%,-1.6%,https://zenodo.org/record/7727475,2021,557.64,546.83,538.24,532.36,509.29,514.17,490.42,491.47,492.33,462.55,465.52,467.92,470.89,451.43,443.02,400.87,428.52,418.80,409.09,399.37,389.66,379.94,370.23,360.51,350.80,341.08
,France,Intensity per capita,Production - excluding LULUCF,tCO₂e/capita,2023-10-31,2023-12,2021,6.33,https://zenodo.org/record/7727476,2021,6.6%,-1.8%,-1.9%,https://zenodo.org/record/7727476,2021,8.83,8.59,8.41,8.27,7.87,7.91,7.51,7.48,7.46,6.98,7.00,7.01,7.04,6.72,6.57,5.93,6.33,,,,,,,,,
,France,Intensity per GDP-PPP,Production - excluding LULUCF,tCO₂e/Million I US$,2023-10-31,2023-12,2021,123.14,https://zenodo.org/record/7727477,2021,-0.1%,-5.1%,-5.4%,https://zenodo.org/record/7727477,2021,289.40,264.74,246.38,235.63,226.96,220.24,200.46,198.65,188.74,173.76,171.24,163.37,157.86,144.44,130.18,123.25,123.14,,,,,,,,,
,France,Absolute,Production - only LULUCF ,MtCO₂e,2023-10-31,2023-12,2021,-14.67,https://zenodo.org/record/7727481,2021,6.9%,-1.7%,7.5%,https://zenodo.org/record/7727481,2021,-48.54,-50.14,-50.19,-50.10,-38.88,-39.75,-39.52,-42.78,-45.68,-39.24,-35.42,-26.36,-15.92,-15.46,-11.40,-15.75,-14.67,,,,,,,,,
,France,Intensity per capita,Production - only LULUCF ,tCO₂e/Population,2023-10-31,2023-12,2021,-0.22,https://zenodo.org/record/7727482,2021,7.1%,-1.4%,7.8%,https://zenodo.org/record/7727482,2021,-0.77,-0.79,-0.78,-0.78,-0.60,-0.61,-0.60,-0.65,-0.69,-0.59,-0.53,-0.40,-0.24,-0.23,-0.17,-0.23,-0.22,,,,,,,,,
,France,Intensity per GDP-PPP,Production - only LULUCF ,tCO₂e/Million I US$,2023-10-31,2023-12,2021,-4.21,https://zenodo.org/record/7727483,2021,13.0%,0.2%,10.0%,https://zenodo.org/record/7727483,2021,-25.19,-24.28,-22.97,-22.17,-17.33,-17.03,-16.16,-17.29,-17.51,-14.74,-13.03,-9.20,-5.34,-4.95,-3.35,-4.84,-4.21,,,,,,,,,
,France,Absolute,Consumption - excluding LULUCF,MtCO₂e,2023-10-31,2023-12,2018,443.73,https://stats.oecd.org/Index.aspx?DataSetCode=IO_GHG_2021,2018,-2.5%,0.2%,-1.7%,https://stats.oecd.org/Index.aspx?DataSetCode=IO_GHG_2021,2018,534.24,525.43,529.41,531.47,492.84,509.86,504.09,486.55,485.41,452.24,440.91,445.84,455.17,443.73,,,,,,,,,,,,
,France,Intensity per capita,Consumption - excluding LULUCF,tCO₂/capita,2023-10-31,2023-12,2018,6.61,https://stats.oecd.org/Index.aspx?DataSetCode=IO_GHG_2022,2018,-2.9%,-0.1%,-2.1%,https://stats.oecd.org/Index.aspx?DataSetCode=IO_GHG_2022,2018,8.45,8.26,8.27,8.26,7.62,7.84,7.71,7.41,7.35,6.82,6.63,6.68,6.80,6.61,,,,,,,,,,,,
,France,Intensity per GDP-PPP,Consumption - excluding LULUCF,tCO₂/Million I US$,2023-10-31,2023-12,2018,141.98,https://stats.oecd.org/Index.aspx?DataSetCode=IO_GHG_2023,2018,-7.0%,-4.3%,-5.2%,https://stats.oecd.org/Index.aspx?DataSetCode=IO_GHG_2023,2018,277.26,254.38,242.34,235.24,219.63,218.40,206.05,196.66,186.09,169.88,162.19,155.67,152.59,141.98,,,,,,,,,,,,
,Italy,Absolute,Production - excluding LULUCF,MtCO₂e,2023-10-31,2023-12,2021,412.00,https://zenodo.org/record/7727475,2021,7.8%,-1.2%,-1.2%,https://zenodo.org/record/7727475,2021,593.17,582.10,576.52,563.15,508.39,519.35,506.50,487.04,451.99,430.15,443.16,440.12,434.77,430.34,419.30,382.24,412.00,407.94,403.89,399.83,395.78,391.73,387.67,383.62,379.57,375.51
,Italy,Intensity per capita,Production - excluding LULUCF,tCO₂e/capita,2023-10-31,2023-12,2021,6.97,https://zenodo.org/record/7727476,2021,8.4%,-0.5%,-0.7%,https://zenodo.org/record/7727476,2021,10.23,10.01,9.87,9.57,8.60,8.76,8.53,8.18,7.50,7.08,7.30,7.26,7.18,7.12,7.02,6.43,6.97,,,,,,,,,
,Italy,Intensity per GDP-PPP,Production - excluding LULUCF,tCO₂e/Million I US$,2023-10-31,2023-12,2021,149.23,https://zenodo.org/record/7727477,2021,0.1%,-3.3%,-3.8%,https://zenodo.org/record/7727477,2021,339.60,308.50,288.92,269.49,248.61,249.21,233.07,224.20,206.64,195.50,197.76,181.82,172.72,165.49,153.27,149.05,149.23,,,,,,,,,
,Italy,Absolute,Production - only LULUCF ,MtCO₂e,2023-10-31,2023-12,2021,-32.79,https://zenodo.org/record/7727481,2021,-0.4%,1.7%,-2.9%,https://zenodo.org/record/7727481,2021,-35.54,-36.24,-14.50,-31.59,-35.78,-41.89,-34.09,-25.69,-39.78,-40.81,-43.36,-40.54,-21.39,-35.68,-40.88,-32.66,-32.79,,,,,,,,,
,Italy,Intensity per capita,Production - only LULUCF ,tCO₂e/Population,2023-10-31,2023-12,2021,-0.55,https://zenodo.org/record/7727482,2021,-0.9%,1.0%,-3.4%,https://zenodo.org/record/7727482,2021,-0.61,-0.62,-0.25,-0.54,-0.61,-0.71,-0.57,-0.43,-0.66,-0.67,-0.71,-0.67,-0.35,-0.59,-0.68,-0.55,-0.55,,,,,,,,,
,Italy,Intensity per GDP-PPP,Production - only LULUCF ,tCO₂e/Million I US$,2023-10-31,2023-12,2021,-11.88,https://zenodo.org/record/7727483,2021,6.8%,4.2%,0.1%,https://zenodo.org/record/7727483,2021,-20.35,-19.21,-7.27,-15.12,-17.50,-20.10,-15.69,-11.83,-18.19,-18.55,-19.35,-16.75,-8.50,-13.72,-14.94,-12.74,-11.88,,,,,,,,,
,Italy,Absolute,Consumption - excluding LULUCF,MtCO₂e,2023-10-31,2023-12,2018,424.86,https://stats.oecd.org/Index.aspx?DataSetCode=IO_GHG_2021,2018,0.2%,0.8%,-0.6%,https://stats.oecd.org/Index.aspx?DataSetCode=IO_GHG_2021,2018,596.86,598.51,599.19,581.74,508.76,530.87,519.56,469.80,439.02,417.74,415.06,419.64,424.20,424.86,,,,,,,,,,,,
,Italy,Intensity per capita,Consumption - excluding LULUCF,tCO₂/capita,2023-10-31,2023-12,2018,7.03,https://stats.oecd.org/Index.aspx?DataSetCode=IO_GHG_2022,2018,0.3%,1.0%,-0.7%,https://stats.oecd.org/Index.aspx?DataSetCode=IO_GHG_2022,2018,10.30,10.29,10.25,9.89,8.61,8.96,8.75,7.89,7.29,6.87,6.83,6.92,7.01,7.03,,,,,,,,,,,,
,Italy,Intensity per GDP-PPP,Consumption - excluding LULUCF,tCO₂/Million I US$,2023-10-31,2023-12,2018,163.39,https://stats.oecd.org/Index.aspx?DataSetCode=IO_GHG_2023,2018,-3.0%,-4.1%,-4.0%,https://stats.oecd.org/Index.aspx?DataSetCode=IO_GHG_2023,2018,341.71,317.20,300.29,278.38,248.80,254.74,239.08,216.26,200.71,189.86,185.22,173.36,168.52,163.39,,,,,,,,,,,,
,Egypt,Absolute,Production - excluding LULUCF,MtCO₂e,2023-10-31,2023-12,2021,344.11,https://zenodo.org/record/7727475,2021,3.6%,-0.5%,0.5%,https://zenodo.org/record/7727475,2021,252.68,265.91,275.14,286.16,292.66,292.37,310.27,305.93,306.96,321.20,317.32,336.42,356.03,350.60,352.79,332.22,344.11,363.13,382.16,401.18,420.20,439.23,458.25,477.27,496.30,515.32
,Egypt,Intensity per capita,Production - excluding LULUCF,tCO₂e/capita,2023-10-31,2023-12,2021,3.15,https://zenodo.org/record/7727476,2021,1.9%,-2.2%,-1.3%,https://zenodo.org/record/7727476,2021,3.20,3.30,3.35,3.41,3.42,3.35,3.48,3.35,3.29,3.36,3.25,3.37,3.50,3.38,3.34,3.09,3.15,,,,,,,,,
,Egypt,Intensity per GDP-PPP,Production - excluding LULUCF,tCO₂e/Million I US$,2023-10-31,2023-12,2021,234.32,https://zenodo.org/record/7727477,2021,-4.0%,-6.9%,-5.9%,https://zenodo.org/record/7727477,2021,475.41,454.24,427.36,406.99,395.12,370.94,378.95,319.12,309.43,326.00,298.17,318.25,318.12,290.43,271.99,244.17,234.32,,,,,,,,,
,Egypt,Absolute,Production - only LULUCF ,MtCO₂e,2023-10-31,2023-12,2021,0.18,https://zenodo.org/record/7727481,2021,0.0%,0.0%,0.0%,https://zenodo.org/record/7727481,2021,-0.17,-0.17,-0.17,-0.17,-0.17,-0.17,0.92,0.92,0.92,0.92,0.92,0.18,0.18,0.18,0.18,0.18,0.18,,,,,,,,,
,Egypt,Intensity per capita,Production - only LULUCF ,tCO₂e/Population,2023-10-31,2023-12,2021,0.00,https://zenodo.org/record/7727482,2021,-1.6%,-1.7%,-1.8%,https://zenodo.org/record/7727482,2021,0.00,0.00,0.00,0.00,0.00,0.00,0.01,0.01,0.01,0.01,0.01,0.00,0.00,0.00,0.00,0.00,0.00,,,,,,,,,
,Egypt,Intensity per GDP-PPP,Production - only LULUCF ,tCO₂e/Million I US$,2023-10-31,2023-12,2021,0.12,https://zenodo.org/record/7727483,2021,-7.3%,-6.3%,-6.4%,https://zenodo.org/record/7727483,2021,-0.32,-0.29,-0.27,-0.24,-0.23,-0.22,1.12,0.95,0.92,0.93,0.86,0.17,0.16,0.15,0.14,0.13,0.12,,,,,,,,,
,Egypt,Absolute,Consumption - excluding LULUCF,MtCO₂e,2023-10-31,2023-12,,No data,,,No data,No data,No data,,,,,,,,,,,,,,,,,,,,,,,,,,,,
,Egypt,Intensity per capita,Consumption - excluding LULUCF,tCO₂/capita,2023-10-31,2023-12,,No data,,,No data,No data,No data,,,,,,,,,,,,,,,,,,,,,,,,,,,,
,Egypt,Intensity per GDP-PPP,Consumption - excluding LULUCF,tCO₂/Million I US$,2023-10-31,2023-12,,No data,,,No data,No data,No data,,,,,,,,,,,,,,,,,,,,,,,,,,,,
,Uruguay,Absolute,Production - excluding LULUCF,MtCO₂e,2023-10-31,2023-12,2021,33.38,https://zenodo.org/record/7727475,2021,0.2%,-1.1%,-1.4%,https://zenodo.org/record/7727475,2021,34.74,38.03,37.25,40.30,38.54,35.61,35.58,35.65,35.37,35.73,35.59,35.84,35.55,34.49,34.08,33.32,33.38,33.84,34.30,34.76,35.22,35.69,36.15,36.61,37.07,37.53
,Uruguay,Intensity per capita,Production - excluding LULUCF,tCO₂e/capita,2023-10-31,2023-12,2021,9.74,https://zenodo.org/record/7727476,2021,0.2%,-1.1%,-1.5%,https://zenodo.org/record/7727476,2021,10.47,11.45,11.19,12.08,11.53,10.62,10.58,10.57,10.46,10.53,10.46,10.50,10.39,10.06,9.94,9.72,9.74,,,,,,,,,
,Uruguay,Intensity per GDP-PPP,Production - excluding LULUCF,tCO₂e/Million I US$,2023-10-31,2023-12,2021,379.58,https://zenodo.org/record/7727477,2021,-8.9%,-3.2%,-3.9%,https://zenodo.org/record/7727477,2021,860.03,877.17,785.28,777.86,709.06,600.49,558.90,548.13,511.63,486.69,476.46,464.16,444.27,420.22,404.88,416.88,379.58,,,,,,,,,
,Uruguay,Absolute,Production - only LULUCF ,MtCO₂e,2023-10-31,2023-12,2021,-9.54,https://zenodo.org/record/7727481,2021,-442.9%,-117.8%,-68.0%,https://zenodo.org/record/7727481,2021,-12.81,-8.74,-6.63,-4.52,-8.04,-11.56,-14.91,-18.27,-16.56,-14.86,-14.40,-13.95,-12.72,-12.14,-11.55,-1.76,-9.54,,,,,,,,,
,Uruguay,Intensity per capita,Production - only LULUCF ,tCO₂e/Population,2023-10-31,2023-12,2021,-2.79,https://zenodo.org/record/7727482,2021,-443.4%,-117.9%,-68.0%,https://zenodo.org/record/7727482,2021,-3.86,-2.63,-1.99,-1.35,-2.40,-3.45,-4.44,-5.42,-4.90,-4.38,-4.23,-4.09,-3.72,-3.54,-3.37,-0.51,-2.79,,,,,,,,,
,Uruguay,Intensity per GDP-PPP,Production - only LULUCF ,tCO₂e/Million I US$,2023-10-31,2023-12,2021,-108.53,https://zenodo.org/record/7727483,2021,-393.5%,-100.8%,-56.7%,https://zenodo.org/record/7727483,2021,-317.06,-201.51,-139.73,-87.21,-147.94,-194.99,-234.26,-280.95,-239.60,-202.37,-192.84,-180.65,-158.96,-147.89,-137.26,-21.99,-108.53,,,,,,,,,
,Uruguay,Absolute,Consumption - excluding LULUCF,MtCO₂e,2023-10-31,2023-12,,No data,,,No data,No data,No data,,,,,,,,,,,,,,,,,,,,,,,,,,,,
,Uruguay,Intensity per capita,Consumption - excluding LULUCF,tCO₂/capita,2023-10-31,2023-12,,No data,,,No data,No data,No data,,,,,,,,,,,,,,,,,,,,,,,,,,,,
,Uruguay,Intensity per GDP-PPP,Consumption - excluding LULUCF,tCO₂/Million I US$,2023-10-31,2023-12,,No data,,,No data,No data,No data,,,,,,,,,,,,,,,,,,,,,,,,,,,,
,Saudi Arabia,Absolute,Production - excluding LULUCF,MtCO₂e,2023-10-31,2023-12,2021,648.67,https://zenodo.org/record/7727475,2021,1.8%,-0.3%,0.3%,https://zenodo.org/record/7727475,2021,454.53,487.72,454.98,499.40,526.80,579.21,566.46,619.82,605.20,659.49,700.58,640.62,651.70,654.61,639.13,637.22,648.67,,,,,,,,,
,Saudi Arabia,Intensity per capita,Production - excluding LULUCF,tCO₂e/capita,2023-10-31,2023-12,2021,18.04,https://zenodo.org/record/7727476,2021,1.9%,-1.1%,-1.2%,https://zenodo.org/record/7727476,2021,18.63,19.21,17.23,18.20,18.49,19.69,18.79,20.11,19.22,20.53,21.39,19.17,19.06,18.69,17.84,17.70,18.04,,,,,,,,,
,Saudi Arabia,Intensity per GDP-PPP,Production - excluding LULUCF,tCO₂e/Million I US$,2023-10-31,2023-12,2021,350.99,https://zenodo.org/record/7727477,2021,-6.3%,-2.8%,-3.5%,https://zenodo.org/record/7727477,2021,404.89,410.02,365.67,370.66,396.67,410.28,354.15,367.67,356.76,377.67,444.06,420.39,400.81,382.58,363.92,374.42,350.99,,,,,,,,,
,Saudi Arabia,Absolute,Production - only LULUCF ,MtCO₂e,2023-10-31,2023-12,2021,-9.22,https://zenodo.org/record/7727481,2021,0.0%,0.0%,0.0%,https://zenodo.org/record/7727481,2021,-11.61,-11.10,-10.59,-10.07,-9.56,-9.05,-9.10,-9.15,-9.22,-9.22,-9.22,-9.22,-9.22,-9.22,-9.22,-9.22,-9.22,,,,,,,,,
,Saudi Arabia,Intensity per capita,Production - only LULUCF ,tCO₂e/Population,2023-10-31,2023-12,2021,-0.26,https://zenodo.org/record/7727482,2021,-0.1%,0.9%,1.4%,https://zenodo.org/record/7727482,2021,-0.48,-0.44,-0.40,-0.37,-0.34,-0.31,-0.30,-0.30,-0.29,-0.29,-0.28,-0.28,-0.27,-0.26,-0.26,-0.26,-0.26,,,,,,,,,
,Saudi Arabia,Intensity per GDP-PPP,Production - only LULUCF ,tCO₂e/Million I US$,2023-10-31,2023-12,2021,-4.99,https://zenodo.org/record/7727483,2021,7.9%,2.4%,3.7%,https://zenodo.org/record/7727483,2021,-10.34,-9.33,-8.51,-7.48,-7.20,-6.41,-5.69,-5.43,-5.43,-5.28,-5.84,-6.05,-5.67,-5.39,-5.25,-5.41,-4.99,,,,,,,,,
,Saudi Arabia,Absolute,Consumption - excluding LULUCF,MtCO₂e,2023-10-31,2023-12,2018,529.40,https://stats.oecd.org/Index.aspx?DataSetCode=IO_GHG_2021,2018,-5.8%,-4.7%,0.3%,https://stats.oecd.org/Index.aspx?DataSetCode=IO_GHG_2021,2018,290.48,322.72,348.05,393.95,428.36,462.05,474.58,519.22,526.67,576.67,611.10,575.63,561.93,529.40,,,,,,,,,,,,
,Saudi Arabia,Intensity per capita,Consumption - excluding LULUCF,tCO₂/capita,2023-10-31,2023-12,2018,15.12,https://stats.oecd.org/Index.aspx?DataSetCode=IO_GHG_2022,2018,-8.0%,-6.8%,-1.8%,https://stats.oecd.org/Index.aspx?DataSetCode=IO_GHG_2022,2018,11.91,12.71,13.18,14.36,15.04,15.71,15.74,16.85,16.73,17.95,18.66,17.23,16.43,15.12,,,,,,,,,,,,
,Saudi Arabia,Intensity per GDP-PPP,Consumption - excluding LULUCF,tCO₂/Million I US$,2023-10-31,2023-12,2018,309.41,https://stats.oecd.org/Index.aspx?DataSetCode=IO_GHG_2023,2018,-10.5%,-7.2%,0.4%,https://stats.oecd.org/Index.aspx?DataSetCode=IO_GHG_2023,2018,258.75,271.30,279.74,292.39,322.55,327.29,296.71,307.99,310.46,330.24,387.34,377.74,345.60,309.41,,,,,,,,,,,,
,Australia,Absolute,Production - excluding LULUCF,MtCO₂e,2023-10-31,2023-12,2021,522.71,https://zenodo.org/record/7727475,2021,-1.4%,-2.0%,-0.9%,https://zenodo.org/record/7727475,2021,526.78,531.28,537.91,541.05,543.16,538.57,540.57,544.38,534.39,528.55,537.41,546.02,552.80,554.99,549.23,530.34,522.71,509.20,495.69,482.18,468.67,455.16,441.65,428.13,414.62,401.11
,Australia,Intensity per capita,Production - excluding LULUCF,tCO₂e/capita,2023-10-31,2023-12,2021,20.35,https://zenodo.org/record/7727476,2021,-1.6%,-2.9%,-2.0%,https://zenodo.org/record/7727476,2021,26.11,25.98,25.83,25.46,25.04,24.45,24.20,23.95,23.11,22.51,22.57,22.57,22.48,22.23,21.67,20.67,20.35,,,,,,,,,
,Australia,Intensity per GDP-PPP,Production - excluding LULUCF,tCO₂e/Million I US$,2023-10-31,2023-12,2021,363.71,https://zenodo.org/record/7727477,2021,-6.6%,-6.4%,-5.3%,https://zenodo.org/record/7727477,2021,790.72,746.01,705.09,678.67,621.24,621.01,575.88,558.87,503.31,480.24,487.88,477.70,464.40,442.88,417.54,389.54,363.71,,,,,,,,,
,Australia,Absolute,Production - only LULUCF ,MtCO₂e,2023-10-31,2023-12,2021,-54.18,https://zenodo.org/record/7727481,2021,-2.4%,-2.8%,-2.5%,https://zenodo.org/record/7727481,2021,65.86,70.45,77.62,63.88,61.73,47.18,24.16,7.11,-0.48,2.11,-16.66,-49.28,-58.31,-50.16,-55.08,-52.94,-54.18,,,,,,,,,
,Australia,Intensity per capita,Production - only LULUCF ,tCO₂e/Population,2023-10-31,2023-12,2021,-2.11,https://zenodo.org/record/7727482,2021,-2.2%,-1.8%,-1.3%,https://zenodo.org/record/7727482,2021,3.26,3.44,3.73,3.01,2.85,2.14,1.08,0.31,-0.02,0.09,-0.70,-2.04,-2.37,-2.01,-2.17,-2.06,-2.11,,,,,,,,,
,Australia,Intensity per GDP-PPP,Production - only LULUCF ,tCO₂e/Million I US$,2023-10-31,2023-12,2021,-37.70,https://zenodo.org/record/7727483,2021,3.0%,1.9%,2.0%,https://zenodo.org/record/7727483,2021,98.86,98.93,101.74,80.13,70.61,54.41,25.74,7.30,-0.45,1.92,-15.13,-43.12,-48.98,-40.03,-41.87,-38.88,-37.70,,,,,,,,,
,Australia,Absolute,Consumption - excluding LULUCF,MtCO₂e,2023-10-31,2023-12,2018,412.86,https://stats.oecd.org/Index.aspx?DataSetCode=IO_GHG_2021,2018,0.9%,-0.2%,-1.6%,https://stats.oecd.org/Index.aspx?DataSetCode=IO_GHG_2021,2018,403.71,411.91,419.98,422.07,428.87,433.85,440.19,451.88,447.87,412.64,416.01,414.03,409.29,412.86,,,,,,,,,,,,
,Australia,Intensity per capita,Consumption - excluding LULUCF,tCO₂/capita,2023-10-31,2023-12,2018,16.54,https://stats.oecd.org/Index.aspx?DataSetCode=IO_GHG_2022,2018,-0.6%,-1.8%,-3.1%,https://stats.oecd.org/Index.aspx?DataSetCode=IO_GHG_2022,2018,20.01,20.14,20.16,19.86,19.77,19.69,19.70,19.88,19.36,17.58,17.47,17.12,16.64,16.54,,,,,,,,,,,,
,Australia,Intensity per GDP-PPP,Consumption - excluding LULUCF,tCO₂/Million I US$,2023-10-31,2023-12,2018,329.46,https://stats.oecd.org/Index.aspx?DataSetCode=IO_GHG_2023,2018,-4.2%,-4.4%,-4.7%,https://stats.oecd.org/Index.aspx?DataSetCode=IO_GHG_2023,2018,605.99,578.40,550.51,529.42,490.52,500.26,468.94,463.91,421.81,374.93,377.67,362.23,343.83,329.46,,,,,,,,,,,,
,Mexico,Absolute,Production - excluding LULUCF,MtCO₂e,2023-10-31,2023-12,2021,689.66,https://zenodo.org/record/7727475,2021,4.5%,-1.7%,-0.6%,https://zenodo.org/record/7727475,2021,591.17,617.70,662.50,741.06,706.11,685.93,687.05,667.02,678.02,687.06,691.13,715.96,723.22,730.32,737.35,659.75,689.66,687.80,685.95,684.09,682.24,680.38,678.52,676.67,674.81,672.95
,Mexico,Intensity per capita,Production - excluding LULUCF,tCO₂e/capita,2023-10-31,2023-12,2021,5.44,https://zenodo.org/record/7727476,2021,4.0%,-2.4%,-1.4%,https://zenodo.org/record/7727476,2021,5.61,5.78,6.12,6.76,6.36,6.10,6.02,5.76,5.78,5.79,5.75,5.89,5.89,5.89,5.89,5.24,5.44,,,,,,,,,
,Mexico,Intensity per GDP-PPP,Production - excluding LULUCF,tCO₂e/Million I US$,2023-10-31,2023-12,2021,278.01,https://zenodo.org/record/7727477,2021,-1.7%,-1.2%,-1.5%,https://zenodo.org/record/7727477,2021,440.59,415.76,424.45,448.07,431.59,394.10,359.46,331.39,328.42,316.15,309.90,300.41,293.90,287.99,291.47,282.70,278.01,,,,,,,,,
,Mexico,Absolute,Production - only LULUCF ,MtCO₂e,2023-10-31,2023-12,2021,-131.50,https://zenodo.org/record/7727481,2021,-940.6%,-279.3%,-170.3%,https://zenodo.org/record/7727481,2021,-150.86,-150.88,-146.43,-146.35,-146.27,-146.47,-147.23,-148.04,-147.98,-148.23,-147.71,-158.73,-169.45,-181.15,-191.36,15.64,-131.50,,,,,,,,,
,Mexico,Intensity per capita,Production - only LULUCF ,tCO₂e/Population,2023-10-31,2023-12,2021,-1.04,https://zenodo.org/record/7727482,2021,-935.9%,-277.5%,-168.8%,https://zenodo.org/record/7727482,2021,-1.43,-1.41,-1.35,-1.33,-1.32,-1.30,-1.29,-1.28,-1.26,-1.25,-1.23,-1.31,-1.38,-1.46,-1.53,0.12,-1.04,,,,,,,,,
,Mexico,Intensity per GDP-PPP,Production - only LULUCF ,tCO₂e/Million I US$,2023-10-31,2023-12,2021,-53.01,https://zenodo.org/record/7727483,2021,-890.8%,-262.6%,-159.0%,https://zenodo.org/record/7727483,2021,-112.43,-101.55,-93.81,-88.49,-89.40,-84.15,-77.03,-73.55,-71.68,-68.21,-66.23,-66.60,-68.86,-71.43,-75.64,6.70,-53.01,,,,,,,,,
,Mexico,Absolute,Consumption - excluding LULUCF,MtCO₂e,2023-10-31,2023-12,2018,434.59,https://stats.oecd.org/Index.aspx?DataSetCode=IO_GHG_2021,2018,-3.3%,-1.2%,-1.1%,https://stats.oecd.org/Index.aspx?DataSetCode=IO_GHG_2021,2018,450.06,465.56,474.55,476.40,437.99,463.62,484.18,487.08,460.37,456.13,451.35,444.82,449.29,434.59,,,,,,,,,,,,
,Mexico,Intensity per capita,Consumption - excluding LULUCF,tCO₂/capita,2023-10-31,2023-12,2018,3.50,https://stats.oecd.org/Index.aspx?DataSetCode=IO_GHG_2022,2018,-4.2%,-2.3%,-2.2%,https://stats.oecd.org/Index.aspx?DataSetCode=IO_GHG_2022,2018,4.27,4.36,4.38,4.34,3.94,4.12,4.24,4.21,3.93,3.84,3.76,3.66,3.66,3.50,,,,,,,,,,,,
,Mexico,Intensity per GDP-PPP,Consumption - excluding LULUCF,tCO₂/Million I US$,2023-10-31,2023-12,2018,171.37,https://stats.oecd.org/Index.aspx?DataSetCode=IO_GHG_2023,2018,-6.1%,-5.4%,-5.1%,https://stats.oecd.org/Index.aspx?DataSetCode=IO_GHG_2023,2018,335.42,313.35,304.04,288.04,267.71,266.37,253.32,241.99,223.00,209.88,202.38,186.64,182.58,171.37,,,,,,,,,,,,
,China,Absolute,Production - excluding LULUCF,MtCO₂e,2023-10-31,2023-12,2021,14217.60,https://zenodo.org/record/7727475,2021,3.8%,2.7%,2.6%,https://zenodo.org/record/7727475,2021,7818.60,8578.80,9129.20,9688.20,10176.00,11006.20,12054.70,12403.30,12694.90,12888.60,12685.00,12514.40,12769.10,13115.00,13396.10,13692.70,14217.60,14317.42,14417.23,14517.05,14616.86,14716.68,14816.49,14916.31,15016.13,15115.94
,China,Intensity per capita,Production - excluding LULUCF,tCO₂e/capita,2023-10-31,2023-12,2021,10.07,https://zenodo.org/record/7727476,2021,3.7%,2.5%,2.2%,https://zenodo.org/record/7727476,2021,6.00,6.54,6.93,7.31,7.64,8.23,8.96,9.16,9.31,9.39,9.19,9.02,9.15,9.35,9.52,9.70,10.07,,,,,,,,,
,China,Intensity per GDP-PPP,Production - excluding LULUCF,tCO₂e/Million I US$,2023-10-31,2023-12,2021,516.65,https://zenodo.org/record/7727477,2021,-8.4%,-5.0%,-5.0%,https://zenodo.org/record/7727477,2021,1186.05,1119.95,1015.87,964.69,920.31,889.02,870.73,820.08,784.36,752.78,712.77,668.79,642.08,603.27,571.35,563.85,516.65,,,,,,,,,
,China,Absolute,Production - only LULUCF ,MtCO₂e,2023-10-31,2023-12,2021,-649.65,https://zenodo.org/record/7727481,2021,0.0%,0.0%,0.0%,https://zenodo.org/record/7727481,2021,-803.00,-848.34,-893.69,-939.03,-984.38,-1029.72,-802.77,-575.81,-863.36,-1150.91,-709.79,-649.71,-649.85,-649.66,-649.64,-649.67,-649.65,,,,,,,,,
,China,Intensity per capita,Production - only LULUCF ,tCO₂e/Population,2023-10-31,2023-12,2021,-0.46,https://zenodo.org/record/7727482,2021,0.1%,0.2%,0.4%,https://zenodo.org/record/7727482,2021,-0.62,-0.65,-0.68,-0.71,-0.74,-0.77,-0.60,-0.43,-0.63,-0.84,-0.51,-0.47,-0.47,-0.46,-0.46,-0.46,-0.46,,,,,,,,,
,China,Intensity per GDP-PPP,Production - only LULUCF ,tCO₂e/Million I US$,2023-10-31,2023-12,2021,-23.61,https://zenodo.org/record/7727483,2021,11.8%,7.5%,7.4%,https://zenodo.org/record/7727483,2021,-121.81,-110.75,-99.45,-93.50,-89.03,-83.17,-57.99,-38.07,-53.34,-67.22,-39.88,-34.72,-32.68,-29.88,-27.71,-26.75,-23.61,,,,,,,,,
,China,Absolute,Consumption - excluding LULUCF,MtCO₂e,2023-10-31,2023-12,2018,9020.35,https://stats.oecd.org/Index.aspx?DataSetCode=IO_GHG_2021,2018,5.4%,2.7%,2.0%,https://stats.oecd.org/Index.aspx?DataSetCode=IO_GHG_2021,2018,4233.50,4600.92,5062.96,5323.93,6125.75,6629.37,7422.10,7682.47,8156.56,8231.09,8322.06,8406.52,8558.25,9020.35,,,,,,,,,,,,
,China,Intensity per capita,Consumption - excluding LULUCF,tCO₂/capita,2023-10-31,2023-12,2018,6.43,https://stats.oecd.org/Index.aspx?DataSetCode=IO_GHG_2022,2018,4.9%,2.2%,1.5%,https://stats.oecd.org/Index.aspx?DataSetCode=IO_GHG_2022,2018,3.25,3.51,3.84,4.02,4.60,4.96,5.52,5.67,5.98,6.00,6.03,6.06,6.13,6.43,,,,,,,,,,,,
,China,Intensity per GDP-PPP,Consumption - excluding LULUCF,tCO₂/Million I US$,2023-10-31,2023-12,2018,414.92,https://stats.oecd.org/Index.aspx?DataSetCode=IO_GHG_2023,2018,-3.6%,-3.9%,-3.8%,https://stats.oecd.org/Index.aspx?DataSetCode=IO_GHG_2023,2018,642.20,600.64,563.39,530.12,554.01,535.48,536.11,507.95,503.96,480.75,467.62,449.26,430.34,414.92,,,,,,,,,,,,
,Poland,Absolute,Production - excluding LULUCF,MtCO₂e,2023-10-31,2023-12,2021,403.55,https://zenodo.org/record/7727475,2021,7.1%,-0.7%,0.2%,https://zenodo.org/record/7727475,2021,406.60,421.21,421.09,414.66,396.90,414.05,413.44,404.89,401.24,388.00,389.91,401.16,415.71,414.20,391.92,376.70,403.55,391.99,380.43,368.88,357.32,345.76,334.20,322.64,311.08,299.53
,Poland,Intensity per capita,Production - excluding LULUCF,tCO₂e/capita,2023-10-31,2023-12,2021,10.69,https://zenodo.org/record/7727476,2021,7.6%,-0.5%,0.3%,https://zenodo.org/record/7727476,2021,10.65,11.04,11.05,10.88,10.40,10.88,10.86,10.64,10.55,10.21,10.26,10.57,10.95,10.91,10.32,9.94,10.69,,,,,,,,,
,Poland,Intensity per GDP-PPP,Production - excluding LULUCF,tCO₂e/Million I US$,2023-10-31,2023-12,2021,280.34,https://zenodo.org/record/7727477,2021,-0.4%,-6.1%,-5.6%,https://zenodo.org/record/7727477,2021,766.62,728.87,657.32,594.21,540.70,521.01,479.38,450.94,433.71,403.19,382.68,375.11,365.41,340.56,295.15,281.45,280.34,,,,,,,,,
,Poland,Absolute,Production - only LULUCF ,MtCO₂e,2023-10-31,2023-12,2021,-27.02,https://zenodo.org/record/7727481,2021,-48.9%,-0.1%,-0.4%,https://zenodo.org/record/7727481,2021,-47.56,-41.66,-34.84,-34.44,-34.44,-32.64,-38.08,-38.26,-40.57,-32.72,-28.11,-35.54,-36.85,-36.09,-17.71,-18.15,-27.02,,,,,,,,,
,Poland,Intensity per capita,Production - only LULUCF ,tCO₂e/Population,2023-10-31,2023-12,2021,-0.72,https://zenodo.org/record/7727482,2021,-49.5%,-0.4%,-0.6%,https://zenodo.org/record/7727482,2021,-1.25,-1.09,-0.91,-0.90,-0.90,-0.86,-1.00,-1.01,-1.07,-0.86,-0.74,-0.94,-0.97,-0.95,-0.47,-0.48,-0.72,,,,,,,,,
,Poland,Intensity per GDP-PPP,Production - only LULUCF ,tCO₂e/Million I US$,2023-10-31,2023-12,2021,-18.77,https://zenodo.org/record/7727483,2021,-38.4%,5.0%,5.2%,https://zenodo.org/record/7727483,2021,-89.67,-72.10,-54.39,-49.35,-46.92,-41.07,-44.16,-42.61,-43.85,-34.00,-27.59,-33.23,-32.39,-29.67,-13.33,-13.56,-18.77,,,,,,,,,
,Poland,Absolute,Consumption - excluding LULUCF,MtCO₂e,2023-10-31,2023-12,2018,285.90,https://stats.oecd.org/Index.aspx?DataSetCode=IO_GHG_2021,2018,0.5%,2.2%,0.6%,https://stats.oecd.org/Index.aspx?DataSetCode=IO_GHG_2021,2018,274.81,289.36,297.12,309.97,286.34,305.38,299.33,290.93,277.90,270.68,267.87,273.91,284.55,285.90,,,,,,,,,,,,
,Poland,Intensity per capita,Consumption - excluding LULUCF,tCO₂/capita,2023-10-31,2023-12,2018,7.53,https://stats.oecd.org/Index.aspx?DataSetCode=IO_GHG_2022,2018,0.5%,2.2%,0.6%,https://stats.oecd.org/Index.aspx?DataSetCode=IO_GHG_2022,2018,7.20,7.59,7.79,8.13,7.51,8.03,7.86,7.64,7.31,7.12,7.05,7.21,7.49,7.53,,,,,,,,,,,,
,Poland,Intensity per GDP-PPP,Consumption - excluding LULUCF,tCO₂/Million I US$,2023-10-31,2023-12,2018,235.07,https://stats.oecd.org/Index.aspx?DataSetCode=IO_GHG_2023,2018,-6.0%,-3.6%,-4.8%,https://stats.oecd.org/Index.aspx?DataSetCode=IO_GHG_2023,2018,518.14,500.71,463.80,444.19,390.09,384.27,347.07,324.02,300.39,281.28,262.90,256.12,250.12,235.07,,,,,,,,,,,,
,Indonesia,Absolute,Production - excluding LULUCF,MtCO₂e,2023-10-31,2023-12,2021,949.36,https://zenodo.org/record/7727475,2021,2.0%,0.2%,2.0%,https://zenodo.org/record/7727475,2021,628.60,636.62,658.80,647.21,670.34,721.75,779.84,825.28,782.44,831.04,847.69,863.75,906.11,945.41,977.13,930.75,949.36,1037.10,1124.84,1212.57,1300.31,1388.05,1475.79,1563.52,1651.26,1739.00
,Indonesia,Intensity per capita,Production - excluding LULUCF,tCO₂e/capita,2023-10-31,2023-12,2021,3.47,https://zenodo.org/record/7727476,2021,1.3%,-0.6%,1.1%,https://zenodo.org/record/7727476,2021,2.75,2.75,2.81,2.72,2.78,2.96,3.16,3.30,3.09,3.24,3.27,3.30,3.43,3.54,3.62,3.42,3.47,,,,,,,,,
,Indonesia,Intensity per GDP-PPP,Production - excluding LULUCF,tCO₂e/Million I US$,2023-10-31,2023-12,2021,265.00,https://zenodo.org/record/7727477,2021,-5.9%,-4.4%,-3.4%,https://zenodo.org/record/7727477,2021,443.91,413.38,391.67,356.13,350.29,350.84,349.78,341.95,308.65,316.92,320.16,314.67,313.09,303.30,293.24,281.53,265.00,,,,,,,,,
,Indonesia,Absolute,Production - only LULUCF ,MtCO₂e,2023-10-31,2023-12,2021,759.32,https://zenodo.org/record/7727481,2021,30.8%,2.0%,6.6%,https://zenodo.org/record/7727481,2021,697.47,988.99,615.56,594.45,919.27,433.59,615.05,693.50,604.63,977.20,1562.24,633.20,725.56,817.92,910.28,580.56,759.32,,,,,,,,,
,Indonesia,Intensity per capita,Production - only LULUCF ,tCO₂e/Population,2023-10-31,2023-12,2021,2.77,https://zenodo.org/record/7727482,2021,29.9%,1.1%,5.7%,https://zenodo.org/record/7727482,2021,3.05,4.27,2.62,2.50,3.81,1.78,2.49,2.77,2.39,3.81,6.03,2.42,2.74,3.06,3.38,2.14,2.77,,,,,,,,,
,Indonesia,Intensity per GDP-PPP,Production - only LULUCF ,tCO₂e/Million I US$,2023-10-31,2023-12,2021,211.96,https://zenodo.org/record/7727483,2021,20.7%,-3.6%,0.5%,https://zenodo.org/record/7727483,2021,492.55,642.19,365.97,327.10,480.37,210.77,275.87,287.35,238.51,372.66,590.04,230.68,250.70,262.40,273.17,175.61,211.96,,,,,,,,,
,Indonesia,Absolute,Consumption - excluding LULUCF,MtCO₂e,2023-10-31,2023-12,2018,584.37,https://stats.oecd.org/Index.aspx?DataSetCode=IO_GHG_2021,2018,11.1%,6.0%,4.1%,https://stats.oecd.org/Index.aspx?DataSetCode=IO_GHG_2021,2018,307.01,325.67,352.33,374.12,378.04,420.68,479.39,502.27,481.46,500.90,491.53,492.27,526.18,584.37,,,,,,,,,,,,
,Indonesia,Intensity per capita,Consumption - excluding LULUCF,tCO₂/capita,2023-10-31,2023-12,2018,2.19,https://stats.oecd.org/Index.aspx?DataSetCode=IO_GHG_2022,2018,10.0%,5.0%,3.0%,https://stats.oecd.org/Index.aspx?DataSetCode=IO_GHG_2022,2018,1.34,1.40,1.50,1.57,1.57,1.72,1.94,2.01,1.90,1.95,1.90,1.88,1.99,2.19,,,,,,,,,,,,
,Indonesia,Intensity per GDP-PPP,Consumption - excluding LULUCF,tCO₂/Million I US$,2023-10-31,2023-12,2018,187.48,https://stats.oecd.org/Index.aspx?DataSetCode=IO_GHG_2023,2018,3.1%,0.4%,-0.2%,https://stats.oecd.org/Index.aspx?DataSetCode=IO_GHG_2023,2018,216.81,211.47,209.47,205.86,197.55,204.49,215.02,208.12,189.92,191.02,185.64,179.34,181.81,187.48,,,,,,,,,,,,
,Kazakhstan,Absolute,Production - excluding LULUCF,MtCO₂e,2023-10-31,2023-12,2021,351.30,https://zenodo.org/record/7727475,2021,2.2%,-3.7%,-0.5%,https://zenodo.org/record/7727475,2021,275.18,292.73,294.03,289.27,277.33,301.76,292.20,296.36,304.94,352.80,356.56,361.99,380.58,394.23,361.32,343.60,351.30,347.46,343.62,339.78,335.95,332.11,328.27,324.43,320.59,316.75
,Kazakhstan,Intensity per capita,Production - excluding LULUCF,tCO₂e/capita,2023-10-31,2023-12,2021,18.49,https://zenodo.org/record/7727476,2021,0.9%,-4.9%,-1.8%,https://zenodo.org/record/7727476,2021,18.17,19.12,18.99,18.33,17.23,18.49,17.65,17.65,17.90,20.41,20.33,20.34,21.10,21.57,19.52,18.32,18.49,,,,,,,,,
,Kazakhstan,Intensity per GDP-PPP,Production - excluding LULUCF,tCO₂e/Million I US$,2023-10-31,2023-12,2021,641.70,https://zenodo.org/record/7727477,2021,-6.2%,-7.9%,-5.4%,https://zenodo.org/record/7727477,2021,1303.08,1214.75,1090.94,1019.44,959.63,961.57,849.30,801.05,730.48,825.31,875.17,854.09,848.61,824.60,710.48,684.03,641.70,,,,,,,,,
,Kazakhstan,Absolute,Production - only LULUCF ,MtCO₂e,2023-10-31,2023-12,2021,7.10,https://zenodo.org/record/7727481,2021,-14.7%,2.7%,11.3%,https://zenodo.org/record/7727481,2021,37.38,32.92,26.75,23.58,20.19,14.92,11.67,7.72,3.20,4.31,5.30,5.87,6.33,8.89,4.99,8.32,7.10,,,,,,,,,
,Kazakhstan,Intensity per capita,Production - only LULUCF ,tCO₂e/Population,2023-10-31,2023-12,2021,0.37,https://zenodo.org/record/7727482,2021,-15.8%,1.4%,9.8%,https://zenodo.org/record/7727482,2021,2.47,2.15,1.73,1.49,1.25,0.91,0.70,0.46,0.19,0.25,0.30,0.33,0.35,0.49,0.27,0.44,0.37,,,,,,,,,
,Kazakhstan,Intensity per GDP-PPP,Production - only LULUCF ,tCO₂e/Million I US$,2023-10-31,2023-12,2021,12.97,https://zenodo.org/record/7727483,2021,-21.7%,0.0%,6.7%,https://zenodo.org/record/7727483,2021,177.03,136.59,99.25,83.11,69.87,47.54,33.92,20.87,7.67,10.08,13.02,13.85,14.10,18.58,9.82,16.57,12.97,,,,,,,,,
,Kazakhstan,Absolute,Consumption - excluding LULUCF,MtCO₂e,2023-10-31,2023-12,2018,180.48,https://stats.oecd.org/Index.aspx?DataSetCode=IO_GHG_2021,2018,-4.7%,2.4%,-0.2%,https://stats.oecd.org/Index.aspx?DataSetCode=IO_GHG_2021,2018,110.88,128.10,139.31,156.57,146.90,152.24,155.82,169.03,183.96,173.43,169.12,171.42,189.31,180.48,,,,,,,,,,,,
,Kazakhstan,Intensity per capita,Consumption - excluding LULUCF,tCO₂/capita,2023-10-31,2023-12,2018,9.87,https://stats.oecd.org/Index.aspx?DataSetCode=IO_GHG_2022,2018,-5.9%,1.0%,-1.6%,https://stats.oecd.org/Index.aspx?DataSetCode=IO_GHG_2022,2018,7.32,8.37,9.00,9.92,9.13,9.33,9.41,10.07,10.80,10.03,9.64,9.63,10.50,9.87,,,,,,,,,,,,
,Kazakhstan,Intensity per GDP-PPP,Consumption - excluding LULUCF,tCO₂/Million I US$,2023-10-31,2023-12,2018,377.51,https://stats.oecd.org/Index.aspx?DataSetCode=IO_GHG_2023,2018,-10.6%,-2.9%,-2.9%,https://stats.oecd.org/Index.aspx?DataSetCode=IO_GHG_2023,2018,525.07,531.59,516.88,551.77,508.29,485.10,452.90,456.89,440.67,405.70,415.11,404.46,422.13,377.51,,,,,,,,,,,,
,Canada,Absolute,Production - excluding LULUCF,MtCO₂e,2023-10-31,2023-12,2021,688.75,https://zenodo.org/record/7727475,2021,2.0%,-2.4%,-0.7%,https://zenodo.org/record/7727475,2021,745.25,738.76,761.58,743.67,701.51,713.88,724.08,730.17,735.79,732.77,735.64,718.36,727.85,742.57,741.33,675.20,688.75,660.85,632.94,605.04,577.13,549.23,521.32,493.42,465.51,437.61
,Canada,Intensity per capita,Production - excluding LULUCF,tCO₂e/capita,2023-10-31,2023-12,2021,18.02,https://zenodo.org/record/7727476,2021,1.4%,-3.4%,-1.9%,https://zenodo.org/record/7727476,2021,23.11,22.68,23.16,22.37,20.86,20.99,21.09,21.03,20.97,20.68,20.60,19.89,19.92,20.03,19.72,17.77,18.02,,,,,,,,,
,Canada,Intensity per GDP-PPP,Production - excluding LULUCF,tCO₂e/Million I US$,2023-10-31,2023-12,2021,339.80,https://zenodo.org/record/7727477,2021,-9.7%,-5.3%,-4.5%,https://zenodo.org/record/7727477,2021,636.24,595.01,585.11,553.99,536.73,523.53,506.06,497.36,473.44,451.94,461.26,428.08,412.20,400.74,395.64,376.17,339.80,,,,,,,,,
,Canada,Absolute,Production - only LULUCF ,MtCO₂e,2023-10-31,2023-12,2021,-12.66,https://zenodo.org/record/7727481,2021,-73.4%,-32.8%,-21.0%,https://zenodo.org/record/7727481,2021,-5.26,-18.56,-17.01,-22.74,-49.70,-19.08,-12.05,-24.36,-20.32,-40.18,-0.93,-11.43,-17.72,-9.11,-16.48,-7.30,-12.66,,,,,,,,,
,Canada,Intensity per capita,Production - only LULUCF ,tCO₂e/Population,2023-10-31,2023-12,2021,-0.33,https://zenodo.org/record/7727482,2021,-72.4%,-31.5%,-19.7%,https://zenodo.org/record/7727482,2021,-0.16,-0.57,-0.52,-0.68,-1.48,-0.56,-0.35,-0.70,-0.58,-1.13,-0.03,-0.32,-0.48,-0.25,-0.44,-0.19,-0.33,,,,,,,,,
,Canada,Intensity per GDP-PPP,Production - only LULUCF ,tCO₂e/Million I US$,2023-10-31,2023-12,2021,-6.24,https://zenodo.org/record/7727483,2021,-53.6%,-26.2%,-15.0%,https://zenodo.org/record/7727483,2021,-4.49,-14.95,-13.07,-16.94,-38.02,-14.00,-8.42,-16.59,-13.08,-24.78,-0.59,-6.81,-10.03,-4.92,-8.80,-4.07,-6.24,,,,,,,,,
,Canada,Absolute,Consumption - excluding LULUCF,MtCO₂e,2023-10-31,2023-12,2018,535.78,https://stats.oecd.org/Index.aspx?DataSetCode=IO_GHG_2021,2018,0.1%,0.4%,-1.2%,https://stats.oecd.org/Index.aspx?DataSetCode=IO_GHG_2021,2018,546.47,552.36,581.65,566.50,529.73,575.71,582.01,574.41,570.23,555.46,529.28,522.55,535.36,535.78,,,,,,,,,,,,
,Canada,Intensity per capita,Consumption - excluding LULUCF,tCO₂/capita,2023-10-31,2023-12,2018,14.46,https://stats.oecd.org/Index.aspx?DataSetCode=IO_GHG_2022,2018,-1.3%,-0.8%,-2.3%,https://stats.oecd.org/Index.aspx?DataSetCode=IO_GHG_2022,2018,16.95,16.96,17.69,17.04,15.75,16.93,16.95,16.55,16.25,15.67,14.82,14.47,14.65,14.46,,,,,,,,,,,,
,Canada,Intensity per GDP-PPP,Consumption - excluding LULUCF,tCO₂/Million I US$,2023-10-31,2023-12,2018,289.15,https://stats.oecd.org/Index.aspx?DataSetCode=IO_GHG_2023,2018,-4.6%,-4.5%,-4.6%,https://stats.oecd.org/Index.aspx?DataSetCode=IO_GHG_2023,2018,466.54,444.88,446.88,422.01,405.30,422.20,406.77,391.26,366.91,342.58,331.87,311.40,303.19,289.15,,,,,,,,,,,,
,Thailand,Absolute,Production - excluding LULUCF,MtCO₂e,2023-10-31,2023-12,2021,412.89,https://zenodo.org/record/7727475,2021,-0.3%,-1.8%,-0.8%,https://zenodo.org/record/7727475,2021,351.91,357.40,371.60,368.23,387.45,410.66,406.44,427.38,441.11,431.12,427.60,429.77,434.37,435.88,427.91,413.95,412.89,410.18,407.47,404.76,402.05,399.34,396.63,393.92,391.21,388.50
,Thailand,Intensity per capita,Production - excluding LULUCF,tCO₂e/capita,2023-10-31,2023-12,2021,5.77,https://zenodo.org/record/7727476,2021,-0.4%,-2.0%,-1.1%,https://zenodo.org/record/7727476,2021,5.35,5.39,5.56,5.47,5.71,6.02,5.92,6.18,6.34,6.16,6.08,6.09,6.13,6.13,6.00,5.79,5.77,,,,,,,,,
,Thailand,Intensity per GDP-PPP,Production - excluding LULUCF,tCO₂e/Million I US$,2023-10-31,2023-12,2021,305.84,https://zenodo.org/record/7727477,2021,-5.9%,-3.3%,-4.0%,https://zenodo.org/record/7727477,2021,524.26,492.05,472.46,451.57,475.40,463.10,445.27,423.66,420.13,406.93,393.29,375.00,360.22,338.69,319.87,325.18,305.84,,,,,,,,,
,Thailand,Absolute,Production - only LULUCF ,MtCO₂e,2023-10-31,2023-12,2021,14.92,https://zenodo.org/record/7727481,2021,-4.3%,2.9%,0.6%,https://zenodo.org/record/7727481,2021,-32.11,-32.73,-31.04,-32.49,-31.92,-32.00,0.81,1.69,0.96,2.58,1.85,14.64,14.69,13.76,15.41,15.58,14.92,,,,,,,,,
,Thailand,Intensity per capita,Production - only LULUCF ,tCO₂e/Population,2023-10-31,2023-12,2021,0.21,https://zenodo.org/record/7727482,2021,-4.5%,2.7%,0.3%,https://zenodo.org/record/7727482,2021,-0.49,-0.49,-0.46,-0.48,-0.47,-0.47,0.01,0.02,0.01,0.04,0.03,0.21,0.21,0.19,0.22,0.22,0.21,,,,,,,,,
,Thailand,Intensity per GDP-PPP,Production - only LULUCF ,tCO₂e/Million I US$,2023-10-31,2023-12,2021,11.05,https://zenodo.org/record/7727483,2021,-9.7%,1.4%,-2.5%,https://zenodo.org/record/7727483,2021,-47.84,-45.06,-39.46,-39.84,-39.17,-36.08,0.89,1.68,0.91,2.43,1.71,12.78,12.18,10.69,11.52,12.24,11.05,,,,,,,,,
,Thailand,Absolute,Consumption - excluding LULUCF,MtCO₂e,2023-10-31,2023-12,2018,223.67,https://stats.oecd.org/Index.aspx?DataSetCode=IO_GHG_2021,2018,5.3%,-0.1%,-0.8%,https://stats.oecd.org/Index.aspx?DataSetCode=IO_GHG_2021,2018,190.87,193.94,194.27,206.98,192.63,231.62,217.06,232.92,235.06,217.26,226.13,202.61,212.51,223.67,,,,,,,,,,,,
,Thailand,Intensity per capita,Consumption - excluding LULUCF,tCO₂/capita,2023-10-31,2023-12,2018,3.14,https://stats.oecd.org/Index.aspx?DataSetCode=IO_GHG_2022,2018,4.9%,-0.5%,-1.2%,https://stats.oecd.org/Index.aspx?DataSetCode=IO_GHG_2022,2018,2.90,2.92,2.91,3.07,2.84,3.39,3.16,3.37,3.38,3.11,3.22,2.87,3.00,3.14,,,,,,,,,,,,
,Thailand,Intensity per GDP-PPP,Consumption - excluding LULUCF,tCO₂/Million I US$,2023-10-31,2023-12,2018,173.79,https://stats.oecd.org/Index.aspx?DataSetCode=IO_GHG_2023,2018,-1.4%,-5.6%,-4.7%,https://stats.oecd.org/Index.aspx?DataSetCode=IO_GHG_2023,2018,284.35,267.01,247.00,253.83,236.35,261.20,237.79,230.89,223.88,205.07,207.99,176.79,176.23,173.79,,,,,,,,,,,,
,Chile,Absolute,Production - excluding LULUCF,MtCO₂e,2023-10-31,2023-12,2021,108.52,https://zenodo.org/record/7727475,2021,2.4%,-1.3%,-0.4%,https://zenodo.org/record/7727475,2021,81.13,83.62,92.50,92.56,88.90,88.80,97.42,103.64,103.66,100.36,107.30,111.04,112.15,113.32,115.09,106.00,108.52,107.02,105.51,104.01,102.51,101.01,99.51,98.00,96.50,95.00
,Chile,Intensity per capita,Production - excluding LULUCF,tCO₂e/capita,2023-10-31,2023-12,2021,5.57,https://zenodo.org/record/7727476,2021,1.4%,-2.7%,-1.9%,https://zenodo.org/record/7727476,2021,5.02,5.12,5.61,5.56,5.28,5.22,5.67,5.98,5.92,5.67,6.00,6.14,6.11,6.06,6.04,5.49,5.57,,,,,,,,,
,Chile,Intensity per GDP-PPP,Production - excluding LULUCF,tCO₂e/Million I US$,2023-10-31,2023-12,2021,196.46,https://zenodo.org/record/7727477,2021,-10.8%,-6.0%,-5.5%,https://zenodo.org/record/7727477,2021,395.40,326.53,332.27,335.67,327.66,288.46,279.01,276.86,263.97,249.10,264.60,261.36,248.72,237.01,236.13,220.21,196.46,,,,,,,,,
,Chile,Absolute,Production - only LULUCF ,MtCO₂e,2023-10-31,2023-12,2021,-48.27,https://zenodo.org/record/7727481,2021,16.5%,8.8%,-54.8%,https://zenodo.org/record/7727481,2021,-72.72,-76.75,-63.37,-64.18,-66.87,-77.13,-76.54,-68.65,-77.60,-66.35,-57.21,-74.82,-13.28,-64.11,-57.83,-57.80,-48.27,,,,,,,,,
,Chile,Intensity per capita,Production - only LULUCF ,tCO₂e/Population,2023-10-31,2023-12,2021,-2.48,https://zenodo.org/record/7727482,2021,17.3%,10.0%,-52.3%,https://zenodo.org/record/7727482,2021,-4.50,-4.70,-3.84,-3.85,-3.97,-4.54,-4.46,-3.96,-4.43,-3.75,-3.20,-4.14,-0.72,-3.43,-3.04,-2.99,-2.48,,,,,,,,,
,Chile,Intensity per GDP-PPP,Production - only LULUCF ,tCO₂e/Million I US$,2023-10-31,2023-12,2021,-87.39,https://zenodo.org/record/7727483,2021,27.2%,12.5%,-46.9%,https://zenodo.org/record/7727483,2021,-354.41,-299.72,-227.65,-232.74,-246.44,-250.54,-219.23,-183.39,-197.62,-164.69,-141.09,-176.13,-29.46,-134.09,-118.64,-120.07,-87.39,,,,,,,,,
,Chile,Absolute,Consumption - excluding LULUCF,MtCO₂e,2023-10-31,2023-12,2018,95.63,https://stats.oecd.org/Index.aspx?DataSetCode=IO_GHG_2021,2018,3.8%,2.5%,0.0%,https://stats.oecd.org/Index.aspx?DataSetCode=IO_GHG_2021,2018,61.72,64.18,69.47,77.46,70.05,79.93,88.93,93.02,96.01,88.02,88.70,89.95,92.17,95.63,,,,,,,,,,,,
,Chile,Intensity per capita,Consumption - excluding LULUCF,tCO₂/capita,2023-10-31,2023-12,2018,5.11,https://stats.oecd.org/Index.aspx?DataSetCode=IO_GHG_2022,2018,1.9%,1.0%,-1.3%,https://stats.oecd.org/Index.aspx?DataSetCode=IO_GHG_2022,2018,3.82,3.93,4.21,4.65,4.16,4.70,5.18,5.36,5.48,4.98,4.96,4.97,5.02,5.11,,,,,,,,,,,,
,Chile,Intensity per GDP-PPP,Consumption - excluding LULUCF,tCO₂/Million I US$,2023-10-31,2023-12,2018,200.01,https://stats.oecd.org/Index.aspx?DataSetCode=IO_GHG_2023,2018,-2.1%,-2.9%,-3.9%,https://stats.oecd.org/Index.aspx?DataSetCode=IO_GHG_2023,2018,300.78,250.63,249.56,280.89,258.17,259.64,254.71,248.50,244.51,218.47,218.74,211.72,204.41,200.01,,,,,,,,,,,,
,South Africa,Absolute,Production - excluding LULUCF,MtCO₂e,2023-10-31,2023-12,2021,537.18,https://zenodo.org/record/7727475,2021,0.8%,-1.0%,-0.3%,https://zenodo.org/record/7727475,2021,503.84,511.80,538.80,538.89,530.72,537.33,554.33,538.11,547.87,188.93,551.39,545.70,546.44,554.22,557.44,532.85,537.18,520.58,503.98,487.39,470.79,454.19,437.59,420.99,404.40,387.80
,South Africa,Intensity per capita,Production - excluding LULUCF,tCO₂e/capita,2023-10-31,2023-12,2021,9.04,https://zenodo.org/record/7727476,2021,-0.2%,-2.2%,-1.3%,https://zenodo.org/record/7727476,2021,10.28,10.34,10.78,10.66,10.37,10.38,10.57,10.13,10.17,3.45,9.87,9.67,9.65,9.67,9.60,9.06,9.04,,,,,,,,,
,South Africa,Intensity per GDP-PPP,Production - excluding LULUCF,tCO₂e/Million I US$,2023-10-31,2023-12,2021,615.73,https://zenodo.org/record/7727477,2021,-8.0%,-2.9%,-2.7%,https://zenodo.org/record/7727477,2021,975.21,909.97,885.31,841.93,836.76,812.42,795.85,770.69,749.98,254.65,726.56,706.16,691.55,674.66,664.60,669.57,615.73,,,,,,,,,
,South Africa,Absolute,Production - only LULUCF ,MtCO₂e,2023-10-31,2023-12,2021,-2.80,https://zenodo.org/record/7727481,2021,-142.1%,-48.2%,-5.5%,https://zenodo.org/record/7727481,2021,-8.00,-10.53,-11.34,-11.42,-5.37,-12.39,-14.64,-15.92,-21.02,-29.04,-28.42,-29.82,-31.20,6.81,6.65,6.64,-2.80,,,,,,,,,
,South Africa,Intensity per capita,Production - only LULUCF ,tCO₂e/Population,2023-10-31,2023-12,2021,-0.05,https://zenodo.org/record/7727482,2021,-141.7%,-48.9%,-5.9%,https://zenodo.org/record/7727482,2021,-0.16,-0.21,-0.23,-0.23,-0.10,-0.24,-0.28,-0.30,-0.39,-0.53,-0.51,-0.53,-0.55,0.12,0.11,0.11,-0.05,,,,,,,,,
,South Africa,Intensity per GDP-PPP,Production - only LULUCF ,tCO₂e/Million I US$,2023-10-31,2023-12,2021,-3.21,https://zenodo.org/record/7727483,2021,-138.4%,-45.9%,-3.8%,https://zenodo.org/record/7727483,2021,-15.49,-18.73,-18.63,-17.85,-8.47,-18.73,-21.02,-22.80,-28.77,-39.14,-37.45,-38.59,-39.49,8.29,7.93,8.34,-3.21,,,,,,,,,
,South Africa,Absolute,Consumption - excluding LULUCF,MtCO₂e,2023-10-31,2023-12,2018,310.25,https://stats.oecd.org/Index.aspx?DataSetCode=IO_GHG_2021,2018,3.6%,1.9%,0.1%,https://stats.oecd.org/Index.aspx?DataSetCode=IO_GHG_2021,2018,282.45,282.65,287.80,289.86,304.29,312.65,293.90,314.50,309.69,309.36,293.43,286.85,299.43,310.25,,,,,,,,,,,,
,South Africa,Intensity per capita,Consumption - excluding LULUCF,tCO₂/capita,2023-10-31,2023-12,2018,5.41,https://stats.oecd.org/Index.aspx?DataSetCode=IO_GHG_2022,2018,2.4%,1.0%,-1.1%,https://stats.oecd.org/Index.aspx?DataSetCode=IO_GHG_2022,2018,5.76,5.71,5.76,5.73,5.95,6.04,5.60,5.92,5.75,5.65,5.25,5.08,5.29,5.41,,,,,,,,,,,,
,South Africa,Intensity per GDP-PPP,Consumption - excluding LULUCF,tCO₂/Million I US$,2023-10-31,2023-12,2018,377.67,https://stats.oecd.org/Index.aspx?DataSetCode=IO_GHG_2023,2018,-0.3%,-0.7%,-2.2%,https://stats.oecd.org/Index.aspx?DataSetCode=IO_GHG_2023,2018,546.70,502.54,472.89,452.86,479.75,472.72,421.95,450.43,423.93,416.97,386.64,371.20,378.94,377.67,,,,,,,,,,,,
,Brazil,Absolute,Production - excluding LULUCF,MtCO₂e,2023-10-31,2023-12,2021,1162.13,https://zenodo.org/record/7727475,2021,6.9%,2.3%,1.0%,https://zenodo.org/record/7727475,2021,917.60,924.01,928.14,958.30,943.04,1006.84,1040.87,1071.64,1119.95,1153.16,1131.15,1106.44,1115.63,1088.20,1101.35,1086.67,1162.13,1130.93,1099.73,1068.53,1037.33,1006.13,974.93,943.73,912.53,881.33
,Brazil,Intensity per capita,Production - excluding LULUCF,tCO₂e/capita,2023-10-31,2023-12,2021,5.42,https://zenodo.org/record/7727476,2021,6.4%,1.6%,0.3%,https://zenodo.org/record/7727476,2021,4.91,4.89,4.86,4.97,4.85,5.13,5.25,5.36,5.55,5.67,5.51,5.35,5.35,5.18,5.20,5.10,5.42,,,,,,,,,
,Brazil,Intensity per GDP-PPP,Production - excluding LULUCF,tCO₂e/Million I US$,2023-10-31,2023-12,2021,333.47,https://zenodo.org/record/7727477,2021,-2.5%,-1.2%,-2.4%,https://zenodo.org/record/7727477,2021,448.41,421.33,388.50,374.50,366.65,359.72,350.39,357.39,357.37,361.81,375.20,376.46,369.57,345.85,339.72,342.08,333.47,,,,,,,,,
,Brazil,Absolute,Production - only LULUCF ,MtCO₂e,2023-10-31,2023-12,2021,388.90,https://zenodo.org/record/7727481,2021,-1.5%,0.2%,8.2%,https://zenodo.org/record/7727481,2021,1478.03,1081.26,794.74,896.22,303.21,268.03,182.86,53.54,238.60,109.58,220.92,276.45,392.41,386.69,391.10,394.94,388.90,,,,,,,,,
,Brazil,Intensity per capita,Production - only LULUCF ,tCO₂e/Population,2023-10-31,2023-12,2021,1.81,https://zenodo.org/record/7727482,2021,-2.0%,-0.5%,7.4%,https://zenodo.org/record/7727482,2021,7.91,5.73,4.17,4.65,1.56,1.37,0.92,0.27,1.18,0.54,1.08,1.34,1.88,1.84,1.85,1.85,1.81,,,,,,,,,
,Brazil,Intensity per GDP-PPP,Production - only LULUCF ,tCO₂e/Million I US$,2023-10-31,2023-12,2021,111.59,https://zenodo.org/record/7727483,2021,-10.2%,-3.0%,4.7%,https://zenodo.org/record/7727483,2021,722.28,493.04,332.66,350.24,117.89,95.76,61.55,17.86,76.13,34.38,73.28,94.06,129.99,122.90,120.64,124.33,111.59,,,,,,,,,
,Brazil,Absolute,Consumption - excluding LULUCF,MtCO₂e,2023-10-31,2023-12,2018,436.90,https://stats.oecd.org/Index.aspx?DataSetCode=IO_GHG_2021,2018,-5.6%,-3.4%,-4.2%,https://stats.oecd.org/Index.aspx?DataSetCode=IO_GHG_2021,2018,317.39,337.21,366.90,406.80,387.29,464.28,492.96,513.28,547.58,559.90,487.60,442.53,462.81,436.90,,,,,,,,,,,,
,Brazil,Intensity per capita,Consumption - excluding LULUCF,tCO₂/capita,2023-10-31,2023-12,2018,2.08,https://stats.oecd.org/Index.aspx?DataSetCode=IO_GHG_2022,2018,-6.3%,-4.2%,-5.0%,https://stats.oecd.org/Index.aspx?DataSetCode=IO_GHG_2022,2018,1.70,1.79,1.92,2.11,1.99,2.36,2.49,2.57,2.71,2.75,2.38,2.14,2.22,2.08,,,,,,,,,,,,
,Brazil,Intensity per GDP-PPP,Consumption - excluding LULUCF,tCO₂/Million I US$,2023-10-31,2023-12,2018,138.86,https://stats.oecd.org/Index.aspx?DataSetCode=IO_GHG_2023,2018,-9.4%,-4.8%,-4.4%,https://stats.oecd.org/Index.aspx?DataSetCode=IO_GHG_2023,2018,155.10,153.76,153.57,158.97,150.58,165.88,165.94,171.18,174.73,175.67,161.74,150.57,153.31,138.86,,,,,,,,,,,,
,Kenya,Absolute,Production - excluding LULUCF,MtCO₂e,2023-10-31,2023-12,2021,84.33,https://zenodo.org/record/7727475,2021,4.5%,4.1%,2.3%,https://zenodo.org/record/7727475,2021,50.24,49.06,64.96,62.82,62.65,62.40,65.28,67.04,65.74,67.57,71.15,75.77,72.36,74.81,80.68,80.69,84.33,91.04,97.75,104.45,111.16,117.87,124.58,131.28,137.99,144.70
,Kenya,Intensity per capita,Production - excluding LULUCF,tCO₂e/capita,2023-10-31,2023-12,2021,1.59,https://zenodo.org/record/7727476,2021,2.5%,2.1%,0.2%,https://zenodo.org/record/7727476,2021,1.40,1.33,1.71,1.60,1.55,1.50,1.53,1.53,1.47,1.47,1.52,1.58,1.48,1.50,1.58,1.55,1.59,,,,,,,,,
,Kenya,Intensity per GDP-PPP,Production - excluding LULUCF,tCO₂e/Million I US$,2023-10-31,2023-12,2021,303.82,https://zenodo.org/record/7727477,2021,-7.0%,-2.4%,-4.9%,https://zenodo.org/record/7727477,2021,641.31,570.58,688.48,651.76,625.14,569.41,555.09,534.07,466.25,430.89,403.46,392.98,342.77,327.56,330.12,326.80,303.82,,,,,,,,,
,Kenya,Absolute,Production - only LULUCF ,MtCO₂e,2023-10-31,2023-12,2021,-7.65,https://zenodo.org/record/7727481,2021,0.0%,0.0%,0.0%,https://zenodo.org/record/7727481,2021,17.53,18.25,18.96,19.67,20.39,21.10,8.26,8.27,8.26,8.26,8.28,-7.65,-7.65,-7.65,-7.64,-7.65,-7.65,,,,,,,,,
,Kenya,Intensity per capita,Production - only LULUCF ,tCO₂e/Population,2023-10-31,2023-12,2021,-0.14,https://zenodo.org/record/7727482,2021,1.9%,2.0%,2.0%,https://zenodo.org/record/7727482,2021,0.49,0.49,0.50,0.50,0.51,0.51,0.19,0.19,0.18,0.18,0.18,-0.16,-0.16,-0.15,-0.15,-0.15,-0.14,,,,,,,,,
,Kenya,Intensity per GDP-PPP,Production - only LULUCF ,tCO₂e/Million I US$,2023-10-31,2023-12,2021,-27.55,https://zenodo.org/record/7727483,2021,11.0%,6.2%,7.0%,https://zenodo.org/record/7727483,2021,223.81,212.21,200.93,204.10,203.42,192.52,70.28,65.86,58.60,52.69,46.96,-39.67,-36.23,-33.49,-31.27,-30.97,-27.55,,,,,,,,,
,Kenya,Absolute,Consumption - excluding LULUCF,MtCO₂e,2023-10-31,2023-12,,No data,,,No data,No data,No data,,,,,,,,,,,,,,,,,,,,,,,,,,,,
,Kenya,Intensity per capita,Consumption - excluding LULUCF,tCO₂/capita,2023-10-31,2023-12,,No data,,,No data,No data,No data,,,,,,,,,,,,,,,,,,,,,,,,,,,,
,Kenya,Intensity per GDP-PPP,Consumption - excluding LULUCF,tCO₂/Million I US$,2023-10-31,2023-12,,No data,,,No data,No data,No data,,,,,,,,,,,,,,,,,,,,,,,,,,,,
,Morocco,Absolute,Production - excluding LULUCF,MtCO₂e,2023-10-31,2023-12,2021,100.13,https://zenodo.org/record/7727475,2021,8.3%,2.7%,3.4%,https://zenodo.org/record/7727475,2021,64.40,66.58,68.89,71.17,73.40,75.68,79.22,82.81,82.91,83.08,84.23,85.37,89.30,93.09,98.55,92.49,100.13,102.16,104.18,106.21,108.23,110.26,112.29,114.31,116.34,118.36
,Morocco,Intensity per capita,Production - excluding LULUCF,tCO₂e/capita,2023-10-31,2023-12,2021,2.70,https://zenodo.org/record/7727476,2021,7.1%,1.6%,2.2%,https://zenodo.org/record/7727476,2021,2.12,2.16,2.21,2.25,2.29,2.33,2.41,2.48,2.45,2.43,2.43,2.43,2.51,2.59,2.71,2.52,2.70,,,,,,,,,
,Morocco,Intensity per GDP-PPP,Production - excluding LULUCF,tCO₂e/Million I US$,2023-10-31,2023-12,2021,299.16,https://zenodo.org/record/7727477,2021,-4.0%,-1.0%,-0.8%,https://zenodo.org/record/7727477,2021,397.77,370.08,360.44,345.75,341.52,336.15,326.68,336.52,323.34,334.63,312.23,311.60,312.72,308.88,312.21,311.62,299.16,,,,,,,,,
,Morocco,Absolute,Production - only LULUCF ,MtCO₂e,2023-10-31,2023-12,2021,-2.23,https://zenodo.org/record/7727481,2021,-9.2%,2.9%,-0.7%,https://zenodo.org/record/7727481,2021,4.07,4.16,4.24,4.33,4.42,-2.45,-2.38,-2.31,-2.41,-2.50,-2.35,-2.20,-2.34,-2.49,-2.04,-2.04,-2.23,,,,,,,,,
,Morocco,Intensity per capita,Production - only LULUCF ,tCO₂e/Population,2023-10-31,2023-12,2021,-0.06,https://zenodo.org/record/7727482,2021,-8.0%,3.9%,0.4%,https://zenodo.org/record/7727482,2021,0.13,0.13,0.14,0.14,0.14,-0.08,-0.07,-0.07,-0.07,-0.07,-0.07,-0.06,-0.07,-0.07,-0.06,-0.06,-0.06,,,,,,,,,
,Morocco,Intensity per GDP-PPP,Production - only LULUCF ,tCO₂e/Million I US$,2023-10-31,2023-12,2021,-6.65,https://zenodo.org/record/7727483,2021,3.2%,6.2%,3.2%,https://zenodo.org/record/7727483,2021,25.15,23.12,22.21,21.04,20.55,-10.88,-9.81,-9.38,-9.38,-10.09,-8.72,-8.04,-8.21,-8.25,-6.47,-6.87,-6.65,,,,,,,,,
,Morocco,Absolute,Consumption - excluding LULUCF,MtCO₂e,2023-10-31,2023-12,2018,70.05,https://stats.oecd.org/Index.aspx?DataSetCode=IO_GHG_2021,2018,3.4%,4.3%,3.2%,https://stats.oecd.org/Index.aspx?DataSetCode=IO_GHG_2021,2018,44.06,46.86,48.88,55.06,54.37,55.13,59.38,60.68,60.00,62.63,61.80,65.44,67.75,70.05,,,,,,,,,,,,
,Morocco,Intensity per capita,Consumption - excluding LULUCF,tCO₂/capita,2023-10-31,2023-12,2018,1.95,https://stats.oecd.org/Index.aspx?DataSetCode=IO_GHG_2022,2018,2.2%,3.1%,1.9%,https://stats.oecd.org/Index.aspx?DataSetCode=IO_GHG_2022,2018,1.45,1.52,1.56,1.74,1.70,1.70,1.80,1.82,1.78,1.83,1.78,1.86,1.91,1.95,,,,,,,,,,,,
,Morocco,Intensity per GDP-PPP,Consumption - excluding LULUCF,tCO₂/Million I US$,2023-10-31,2023-12,2018,232.43,https://stats.oecd.org/Index.aspx?DataSetCode=IO_GHG_2023,2018,-2.0%,0.5%,0.0%,https://stats.oecd.org/Index.aspx?DataSetCode=IO_GHG_2023,2018,272.18,260.47,255.73,267.48,252.98,244.86,244.86,246.58,234.00,252.26,229.08,238.88,237.26,232.43,,,,,,,,,,,,
,Germany,Absolute,Production - excluding LULUCF,MtCO₂e,2023-10-31,2023-12,2021,761.70,https://zenodo.org/record/7727475,2021,4.4%,-3.5%,-3.2%,https://zenodo.org/record/7727475,2021,988.11,995.36,969.74,969.98,903.16,937.27,912.49,918.46,935.24,895.77,898.94,902.91,887.52,851.39,801.09,729.50,761.70,725.73,689.75,653.78,617.80,581.83,545.85,509.88,473.90,437.93
,Germany,Intensity per capita,Production - excluding LULUCF,tCO₂e/capita,2023-10-31,2023-12,2021,9.16,https://zenodo.org/record/7727476,2021,4.4%,-3.6%,-3.4%,https://zenodo.org/record/7727476,2021,11.98,12.08,11.79,11.81,11.03,11.46,11.37,11.42,11.60,11.06,11.00,10.96,10.74,10.27,9.64,8.77,9.16,,,,,,,,,
,Germany,Intensity per GDP-PPP,Production - excluding LULUCF,tCO₂e/Million I US$,2023-10-31,2023-12,2021,155.71,https://zenodo.org/record/7727477,2021,0.3%,-5.7%,-6.3%,https://zenodo.org/record/7727477,2021,376.85,353.74,324.80,312.50,299.52,294.25,267.20,263.38,257.74,235.29,231.14,216.78,202.32,186.05,167.97,155.31,155.71,,,,,,,,,
,Germany,Absolute,Production - only LULUCF ,MtCO₂e,2023-10-31,2023-12,2021,-18.89,https://zenodo.org/record/7727481,2021,-43.8%,0.5%,2.2%,https://zenodo.org/record/7727481,2021,2.76,-4.79,-1.45,-13.33,-21.51,-16.42,-17.72,-27.81,-25.11,-24.42,-22.25,-24.29,-23.94,-22.00,-16.76,-13.14,-18.89,,,,,,,,,
,Germany,Intensity per capita,Production - only LULUCF ,tCO₂e/Population,2023-10-31,2023-12,2021,-0.23,https://zenodo.org/record/7727482,2021,-43.8%,0.6%,2.4%,https://zenodo.org/record/7727482,2021,0.03,-0.06,-0.02,-0.16,-0.26,-0.20,-0.22,-0.35,-0.31,-0.30,-0.27,-0.29,-0.29,-0.27,-0.20,-0.16,-0.23,,,,,,,,,
,Germany,Intensity per GDP-PPP,Production - only LULUCF ,tCO₂e/Million I US$,2023-10-31,2023-12,2021,-3.86,https://zenodo.org/record/7727483,2021,-38.1%,3.1%,5.5%,https://zenodo.org/record/7727483,2021,1.05,-1.70,-0.49,-4.29,-7.13,-5.16,-5.19,-7.97,-6.92,-6.41,-5.72,-5.83,-5.46,-4.81,-3.51,-2.80,-3.86,,,,,,,,,
,Germany,Absolute,Consumption - excluding LULUCF,MtCO₂e,2023-10-31,2023-12,2018,867.61,https://stats.oecd.org/Index.aspx?DataSetCode=IO_GHG_2021,2018,-1.5%,0.0%,-1.6%,https://stats.oecd.org/Index.aspx?DataSetCode=IO_GHG_2021,2018,975.60,990.55,957.67,970.57,891.51,961.26,946.19,923.46,941.56,897.69,866.91,876.36,881.19,867.61,,,,,,,,,,,,
,Germany,Intensity per capita,Consumption - excluding LULUCF,tCO₂/capita,2023-10-31,2023-12,2018,10.46,https://stats.oecd.org/Index.aspx?DataSetCode=IO_GHG_2022,2018,-1.8%,-0.5%,-2.1%,https://stats.oecd.org/Index.aspx?DataSetCode=IO_GHG_2022,2018,11.83,12.02,11.64,11.82,10.89,11.75,11.79,11.48,11.68,11.08,10.61,10.64,10.66,10.46,,,,,,,,,,,,
,Germany,Intensity per GDP-PPP,Consumption - excluding LULUCF,tCO₂/Million I US$,2023-10-31,2023-12,2018,189.60,https://stats.oecd.org/Index.aspx?DataSetCode=IO_GHG_2023,2018,-5.6%,-5.3%,-6.1%,https://stats.oecd.org/Index.aspx?DataSetCode=IO_GHG_2023,2018,372.08,352.03,320.76,312.69,295.66,301.78,277.07,264.81,259.49,235.79,222.91,210.40,200.88,189.60,,,,,,,,,,,,
,United Kingdom,Absolute,Production - excluding LULUCF,MtCO₂e,2023-10-31,2023-12,2021,428.10,https://zenodo.org/record/7727475,2021,5.3%,-2.5%,-2.4%,https://zenodo.org/record/7727475,2021,693.06,686.40,673.80,653.16,596.21,610.87,565.55,582.33,568.79,528.15,511.14,485.92,474.87,465.30,449.95,406.48,428.10,409.73,391.37,373.01,354.64,336.28,317.91,299.55,281.19,262.82
,United Kingdom,Intensity per capita,Production - excluding LULUCF,tCO₂e/capita,2023-10-31,2023-12,2021,6.39,https://zenodo.org/record/7727476,2021,5.4%,-2.8%,-2.8%,https://zenodo.org/record/7727476,2021,11.47,11.28,10.99,10.57,9.57,9.73,8.94,9.14,8.87,8.18,7.85,7.41,7.19,7.00,6.73,6.06,6.39,,,,,,,,,
,United Kingdom,Intensity per GDP-PPP,Production - excluding LULUCF,tCO₂e/Million I US$,2023-10-31,2023-12,2021,127.60,https://zenodo.org/record/7727477,2021,-3.4%,-4.9%,-5.3%,https://zenodo.org/record/7727477,2021,350.39,324.61,309.11,287.39,272.80,266.07,239.94,238.49,221.88,198.02,184.27,167.35,155.92,148.32,136.59,132.10,127.60,,,,,,,,,
,United Kingdom,Absolute,Production - only LULUCF ,MtCO₂e,2023-10-31,2023-12,2021,-1.24,https://zenodo.org/record/7727481,2021,-11.5%,-8.2%,-0.4%,https://zenodo.org/record/7727481,2021,0.71,0.31,-0.05,-0.88,-0.96,-1.04,-1.65,-1.45,-1.52,-1.89,-1.62,-1.52,-1.72,-1.11,-0.77,-1.11,-1.24,,,,,,,,,
,United Kingdom,Intensity per capita,Production - only LULUCF ,tCO₂e/Population,2023-10-31,2023-12,2021,-0.02,https://zenodo.org/record/7727482,2021,-11.6%,-7.9%,0.0%,https://zenodo.org/record/7727482,2021,0.01,0.01,0.00,-0.01,-0.02,-0.02,-0.03,-0.02,-0.02,-0.03,-0.02,-0.02,-0.03,-0.02,-0.01,-0.02,-0.02,,,,,,,,,
,United Kingdom,Intensity per GDP-PPP,Production - only LULUCF ,tCO₂e/Million I US$,2023-10-31,2023-12,2021,-0.37,https://zenodo.org/record/7727483,2021,-2.3%,-7.4%,1.5%,https://zenodo.org/record/7727483,2021,0.36,0.15,-0.02,-0.39,-0.44,-0.45,-0.70,-0.60,-0.59,-0.71,-0.58,-0.52,-0.57,-0.35,-0.24,-0.36,-0.37,,,,,,,,,
,United Kingdom,Absolute,Consumption - excluding LULUCF,MtCO₂e,2023-10-31,2023-12,2018,525.52,https://stats.oecd.org/Index.aspx?DataSetCode=IO_GHG_2021,2018,0.7%,-2.8%,-3.0%,https://stats.oecd.org/Index.aspx?DataSetCode=IO_GHG_2021,2018,753.48,764.12,757.77,700.26,618.84,643.89,605.98,620.03,612.77,583.24,572.29,546.65,521.73,525.52,,,,,,,,,,,,
,United Kingdom,Intensity per capita,Consumption - excluding LULUCF,tCO₂/capita,2023-10-31,2023-12,2018,7.91,https://stats.oecd.org/Index.aspx?DataSetCode=IO_GHG_2022,2018,0.1%,-3.4%,-3.7%,https://stats.oecd.org/Index.aspx?DataSetCode=IO_GHG_2022,2018,12.47,12.56,12.36,11.33,9.94,10.26,9.58,9.73,9.56,9.03,8.79,8.33,7.90,7.91,,,,,,,,,,,,
,United Kingdom,Intensity per GDP-PPP,Consumption - excluding LULUCF,tCO₂/Million I US$,2023-10-31,2023-12,2018,167.52,https://stats.oecd.org/Index.aspx?DataSetCode=IO_GHG_2023,2018,-2.2%,-6.7%,-6.8%,https://stats.oecd.org/Index.aspx?DataSetCode=IO_GHG_2023,2018,380.94,361.36,347.64,308.12,283.15,280.45,257.09,253.92,239.03,218.68,206.32,188.26,171.31,167.52,,,,,,,,,,,,
,India,Absolute,Production - excluding LULUCF,MtCO₂e,2023-10-31,2023-12,2021,3417.80,https://zenodo.org/record/7727475,2021,9.7%,1.6%,2.7%,https://zenodo.org/record/7727475,2021,1822.30,1903.80,1997.50,2125.30,2278.20,2287.30,2415.30,2587.90,2612.80,2827.50,2938.00,3003.90,3123.10,3275.30,3309.60,3115.70,3417.80,3590.65,3763.50,3936.35,4109.20,4282.05,4454.90,4627.76,4800.61,4973.46
,India,Intensity per capita,Production - excluding LULUCF,tCO₂e/capita,2023-10-31,2023-12,2021,2.43,https://zenodo.org/record/7727476,2021,8.8%,0.7%,1.7%,https://zenodo.org/record/7727476,2021,1.58,1.62,1.68,1.76,1.86,1.84,1.92,2.03,2.02,2.16,2.22,2.24,2.31,2.39,2.39,2.23,2.43,,,,,,,,,
,India,Intensity per GDP-PPP,Production - excluding LULUCF,tCO₂e/Million I US$,2023-10-31,2023-12,2021,329.56,https://zenodo.org/record/7727477,2021,-3.7%,-3.2%,-3.2%,https://zenodo.org/record/7727477,2021,537.45,504.05,478.30,484.37,478.31,437.35,429.89,420.58,403.36,416.97,410.35,388.35,377.33,363.00,346.90,342.34,329.56,,,,,,,,,
,India,Absolute,Production - only LULUCF ,MtCO₂e,2023-10-31,2023-12,2021,-31.79,https://zenodo.org/record/7727481,2021,3.3%,-1.4%,16.8%,https://zenodo.org/record/7727481,2021,-245.01,-247.16,-249.31,-251.46,-253.62,-255.77,-264.62,-273.47,-282.32,-291.18,-300.03,-308.88,-29.85,-30.57,-31.95,-32.87,-31.79,,,,,,,,,
,India,Intensity per capita,Production - only LULUCF ,tCO₂e/Population,2023-10-31,2023-12,2021,-0.02,https://zenodo.org/record/7727482,2021,4.1%,-0.4%,17.6%,https://zenodo.org/record/7727482,2021,-0.21,-0.21,-0.21,-0.21,-0.21,-0.21,-0.21,-0.21,-0.22,-0.22,-0.23,-0.23,-0.02,-0.02,-0.02,-0.02,-0.02,,,,,,,,,
,India,Intensity per GDP-PPP,Production - only LULUCF ,tCO₂e/Million I US$,2023-10-31,2023-12,2021,-3.07,https://zenodo.org/record/7727483,2021,15.1%,2.8%,21.1%,https://zenodo.org/record/7727483,2021,-72.26,-65.44,-59.70,-57.31,-53.25,-48.90,-47.10,-44.44,-43.59,-42.94,-41.90,-39.93,-3.61,-3.39,-3.35,-3.61,-3.07,,,,,,,,,
,India,Absolute,Consumption - excluding LULUCF,MtCO₂e,2023-10-31,2023-12,2018,2214.30,https://stats.oecd.org/Index.aspx?DataSetCode=IO_GHG_2021,2018,5.2%,5.0%,5.2%,https://stats.oecd.org/Index.aspx?DataSetCode=IO_GHG_2021,2018,1051.68,1130.12,1254.81,1300.72,1436.65,1531.77,1608.10,1718.71,1723.40,1875.94,1912.64,1943.79,2104.90,2214.30,,,,,,,,,,,,
,India,Intensity per capita,Consumption - excluding LULUCF,tCO₂/capita,2023-10-31,2023-12,2018,1.62,https://stats.oecd.org/Index.aspx?DataSetCode=IO_GHG_2022,2018,4.1%,3.8%,4.0%,https://stats.oecd.org/Index.aspx?DataSetCode=IO_GHG_2022,2018,0.91,0.96,1.05,1.08,1.17,1.23,1.28,1.35,1.33,1.44,1.45,1.45,1.55,1.62,,,,,,,,,,,,
,India,Intensity per GDP-PPP,Consumption - excluding LULUCF,tCO₂/Million I US$,2023-10-31,2023-12,2018,245.41,https://stats.oecd.org/Index.aspx?DataSetCode=IO_GHG_2023,2018,-3.5%,-2.7%,-1.5%,https://stats.oecd.org/Index.aspx?DataSetCode=IO_GHG_2023,2018,310.17,299.21,300.46,296.44,301.62,292.89,286.22,279.32,266.06,276.65,267.14,251.30,254.31,245.41,,,,,,,,,,,,
,Barbados,Absolute,Production - excluding LULUCF,MtCO₂e,2023-10-31,2023-12,2021,5.26,https://zenodo.org/record/7727475,2021,6.3%,0.4%,-0.4%,https://zenodo.org/record/7727475,2021,5.49,5.54,5.60,6.22,6.20,5.86,6.02,5.87,5.80,5.34,5.35,5.41,5.13,5.22,5.31,4.95,5.26,4.82,4.38,3.93,3.49,3.05,2.60,2.16,1.72,1.27
,Barbados,Intensity per capita,Production - excluding LULUCF,tCO₂e/capita,2023-10-31,2023-12,2021,18.72,https://zenodo.org/record/7727476,2021,6.1%,0.2%,-0.6%,https://zenodo.org/record/7727476,2021,20.35,20.48,20.62,22.82,22.64,21.32,21.84,21.25,20.94,19.24,19.24,19.42,18.36,18.68,18.95,17.63,18.72,,,,,,,,,
,Barbados,Intensity per GDP-PPP,Production - excluding LULUCF,tCO₂e/Million I US$,2023-10-31,2023-12,2021,1233.08,https://zenodo.org/record/7727477,2021,1.9%,2.7%,0.8%,https://zenodo.org/record/7727477,2021,1338.87,1235.69,1191.65,1291.26,1345.73,1286.80,1303.84,1351.29,1329.66,1235.25,1206.51,1186.31,1133.68,1139.63,1139.47,1209.58,1233.08,,,,,,,,,
,Barbados,Absolute,Production - only LULUCF ,MtCO₂e,2023-10-31,2023-12,2021,0.00,https://zenodo.org/record/7727481,2021,0.0%,0.0%,0.0%,https://zenodo.org/record/7727481,2021,0.00,0.00,0.00,0.00,0.00,0.00,0.00,0.00,0.00,0.00,0.00,0.00,0.00,0.00,0.00,0.00,0.00,,,,,,,,,
,Barbados,Intensity per capita,Production - only LULUCF ,tCO₂e/Population,2023-10-31,2023-12,2021,-0.01,https://zenodo.org/record/7727482,2021,0.2%,0.2%,0.2%,https://zenodo.org/record/7727482,2021,-0.01,-0.01,-0.01,-0.01,-0.01,-0.01,0.00,0.00,0.00,0.00,0.00,-0.01,-0.01,-0.01,-0.01,-0.01,-0.01,,,,,,,,,
,Barbados,Intensity per GDP-PPP,Production - only LULUCF ,tCO₂e/Million I US$,2023-10-31,2023-12,2021,-0.43,https://zenodo.org/record/7727483,2021,4.1%,-2.7%,-1.5%,https://zenodo.org/record/7727483,2021,-0.34,-0.31,-0.29,-0.29,-0.30,-0.30,-0.18,-0.20,-0.19,-0.20,-0.19,-0.40,-0.41,-0.40,-0.39,-0.45,-0.43,,,,,,,,,
,Barbados,Absolute,Consumption - excluding LULUCF,MtCO₂e,2023-10-31,2023-12,,No data,,,No data,No data,No data,,,,,,,,,,,,,,,,,,,,,,,,,,,,
,Barbados,Intensity per capita,Consumption - excluding LULUCF,tCO₂/capita,2023-10-31,2023-12,,No data,,,No data,No data,No data,,,,,,,,,,,,,,,,,,,,,,,,,,,,
,Barbados,Intensity per GDP-PPP,Consumption - excluding LULUCF,tCO₂/Million I US$,2023-10-31,2023-12,,No data,,,No data,No data,No data,,,,,,,,,,,,,,,,,,,,,,,,,,,,
,Bangladesh,Absolute,Production - excluding LULUCF,MtCO₂e,2023-10-31,2023-12,2021,175.44,https://zenodo.org/record/7727475,2021,3.3%,3.1%,3.6%,https://zenodo.org/record/7727475,2021,99.61,104.77,106.90,111.43,115.31,121.10,124.50,129.41,130.82,136.53,144.33,147.36,153.50,160.24,170.64,169.76,175.44,192.33,209.23,226.12,243.01,259.91,276.80,293.69,310.59,327.48
,Bangladesh,Intensity per capita,Production - excluding LULUCF,tCO₂e/capita,2023-10-31,2023-12,2021,1.04,https://zenodo.org/record/7727476,2021,2.2%,1.9%,2.4%,https://zenodo.org/record/7727476,2021,0.71,0.73,0.74,0.77,0.79,0.82,0.83,0.85,0.85,0.88,0.91,0.92,0.95,0.98,1.03,1.01,1.04,,,,,,,,,
,Bangladesh,Intensity per GDP-PPP,Production - excluding LULUCF,tCO₂e/Million I US$,2023-10-31,2023-12,2021,158.82,https://zenodo.org/record/7727477,2021,-7.5%,-5.2%,-4.7%,https://zenodo.org/record/7727477,2021,340.85,326.02,302.54,291.85,285.68,280.83,265.65,243.53,227.41,219.01,216.86,202.32,196.39,186.55,180.90,171.73,158.82,,,,,,,,,
,Bangladesh,Absolute,Production - only LULUCF ,MtCO₂e,2023-10-31,2023-12,2021,24.12,https://zenodo.org/record/7727481,2021,-0.6%,0.1%,0.1%,https://zenodo.org/record/7727481,2021,18.25,24.97,24.82,24.88,24.91,24.82,24.34,24.35,24.42,24.31,24.19,24.05,24.05,24.07,24.17,24.28,24.12,,,,,,,,,
,Bangladesh,Intensity per capita,Production - only LULUCF ,tCO₂e/Population,2023-10-31,2023-12,2021,0.14,https://zenodo.org/record/7727482,2021,-1.8%,-1.1%,-1.1%,https://zenodo.org/record/7727482,2021,0.13,0.18,0.17,0.17,0.17,0.17,0.16,0.16,0.16,0.16,0.15,0.15,0.15,0.15,0.15,0.14,0.14,,,,,,,,,
,Bangladesh,Intensity per GDP-PPP,Production - only LULUCF ,tCO₂e/Million I US$,2023-10-31,2023-12,2021,21.84,https://zenodo.org/record/7727483,2021,-11.1%,-7.9%,-7.9%,https://zenodo.org/record/7727483,2021,62.45,77.71,70.23,65.15,61.71,57.56,51.93,45.82,42.46,39.00,36.35,33.01,30.77,28.02,25.62,24.56,21.84,,,,,,,,,
,Bangladesh,Absolute,Consumption - excluding LULUCF,MtCO₂e,2023-10-31,2023-12,,No data,,,No data,No data,No data,,,,,,,,,,,,,,,,,,,,,,,,,,,,
,Bangladesh,Intensity per capita,Consumption - excluding LULUCF,tCO₂/capita,2023-10-31,2023-12,,No data,,,No data,No data,No data,,,,,,,,,,,,,,,,,,,,,,,,,,,,
,Bangladesh,Intensity per GDP-PPP,Consumption - excluding LULUCF,tCO₂/Million I US$,2023-10-31,2023-12,,No data,,,No data,No data,No data,,,,,,,,,,,,,,,,,,,,,,,,,,,,
,Japan,Absolute,Production - excluding LULUCF,MtCO₂e,2024-10-31,2023-12,2021,1178.14,https://zenodo.org/record/7727475,2021,2.4%,-1.8%,-1.9%,https://zenodo.org/record/7727475,2021,1383.65,1365.04,1394.20,1318.93,1248.09,1301.48,1351.83,1394.32,1408.56,1359.71,1320.39,1302.24,1294.51,1245.67,1217.33,1150.28,1178.14,1137.66,1097.18,1056.70,1016.22,975.74,935.26,894.78,854.30,813.82
,Japan,Intensity per capita,Production - excluding LULUCF,tCO₂e/capita,2024-10-31,2023-12,2021,9.37,https://zenodo.org/record/7727476,2021,2.9%,-1.5%,-1.7%,https://zenodo.org/record/7727476,2021,10.83,10.68,10.89,10.30,9.75,10.16,10.57,10.92,11.05,10.68,10.39,10.25,10.20,9.82,9.61,9.11,9.37,,,,,,,,,
,Japan,Intensity per GDP-PPP,Production - excluding LULUCF,tCO₂e/Million I US$,2024-10-31,2023-12,2021,218.85,https://zenodo.org/record/7727477,2021,0.1%,-2.1%,-2.8%,https://zenodo.org/record/7727477,2021,336.62,317.43,311.06,291.98,290.55,287.59,292.01,290.51,280.50,270.08,253.93,252.43,246.00,233.09,227.42,218.56,218.85,,,,,,,,,
,Japan,Absolute,Production - only LULUCF ,MtCO₂e,2024-10-31,2023-12,2021,-53.82,https://zenodo.org/record/7727481,2021,-3.3%,1.0%,-0.7%,https://zenodo.org/record/7727481,2021,-88.79,-84.13,-79.69,-68.90,-65.76,-69.97,-68.09,-70.18,-63.03,-61.03,-56.52,-52.34,-56.43,-55.76,-51.03,-52.08,-53.82,,,,,,,,,
,Japan,Intensity per capita,Production - only LULUCF ,tCO₂e/Population,2024-10-31,2023-12,2021,-0.43,https://zenodo.org/record/7727482,2021,-3.8%,0.7%,-0.9%,https://zenodo.org/record/7727482,2021,-0.69,-0.66,-0.62,-0.54,-0.51,-0.55,-0.53,-0.55,-0.49,-0.48,-0.44,-0.41,-0.44,-0.44,-0.40,-0.41,-0.43,,,,,,,,,
,Japan,Intensity per GDP-PPP,Production - only LULUCF ,tCO₂e/Million I US$,2024-10-31,2023-12,2021,-10.00,https://zenodo.org/record/7727483,2021,-1.0%,1.3%,0.2%,https://zenodo.org/record/7727483,2021,-21.60,-19.56,-17.78,-15.25,-15.31,-15.46,-14.71,-14.62,-12.55,-12.12,-10.87,-10.15,-10.72,-10.43,-9.53,-9.90,-10.00,,,,,,,,,
,Japan,Absolute,Consumption - excluding LULUCF,MtCO₂e,2024-10-31,2023-12,2018,1312.01,https://stats.oecd.org/Index.aspx?DataSetCode=IO_GHG_2021,2018,-1.1%,-1.0%,-2.5%,https://stats.oecd.org/Index.aspx?DataSetCode=IO_GHG_2021,2018,1544.72,1529.21,1538.22,1503.32,1384.53,1480.73,1517.15,1569.50,1487.69,1431.63,1350.41,1345.94,1327.21,1312.01,,,,,,,,,,,,
,Japan,Intensity per capita,Consumption - excluding LULUCF,tCO₂/capita,2024-10-31,2023-12,2018,10.35,https://stats.oecd.org/Index.aspx?DataSetCode=IO_GHG_2022,2018,-1.0%,-0.9%,-2.4%,https://stats.oecd.org/Index.aspx?DataSetCode=IO_GHG_2022,2018,12.09,11.96,12.02,11.74,10.81,11.56,11.87,12.30,11.67,11.25,10.62,10.59,10.45,10.35,,,,,,,,,,,,
,Japan,Intensity per GDP-PPP,Consumption - excluding LULUCF,tCO₂/Million I US$,2024-10-31,2023-12,2018,245.51,https://stats.oecd.org/Index.aspx?DataSetCode=IO_GHG_2023,2018,-2.7%,-1.8%,-3.6%,https://stats.oecd.org/Index.aspx?DataSetCode=IO_GHG_2023,2018,375.80,355.60,343.19,332.79,322.31,327.20,327.72,327.01,296.26,284.37,259.70,260.90,252.21,245.51,,,,,,,,,,,,
