Id,Bank,Sector,Assessment date,Publication date,Last reported year,2019,2020,2021,2022,2023,2024,2025,2026,2027,2028,2029,2030,2031,2032,2033,2034,2035,2036,2037,2038,2039,2040,2041,2042,2043,2044,2045,2046,2047,2048,2049,2050,Assumptions,CP alignment 2027,CP alignment 2035,CP alignment 2050,Region,CP regional alignment 2027,CP regional alignment 2035,CP regional alignment 2050,Years with targets
,Agricultural Bank of China,Oil & Gas,12/6/2023,2023-07,,,,,,,,,,,,,,,,,,,,,,,,,,,,,,,,,,,,,,,,,,
,Agricultural Bank of China,Electric Utilities,12/6/2023,2023-07,,,,,,,,,,,,,,,,,,,,,,,,,,,,,,,,,,,,,,,,,,
,Agricultural Bank of China,Airlines,12/6/2023,2023-07,,,,,,,,,,,,,,,,,,,,,,,,,,,,,,,,,,,,,,,,,,
,Agricultural Bank of China,Shipping,12/6/2023,2023-07,,,,,,,,,,,,,,,,,,,,,,,,,,,,,,,,,,,,,,,,,,
,Agricultural Bank of China,Auto Manufacturing,12/6/2023,2023-07,,,,,,,,,,,,,,,,,,,,,,,,,,,,,,,,,,,,,,,,,,
,Agricultural Bank of China,Steel,12/6/2023,2023-07,,,,,,,,,,,,,,,,,,,,,,,,,,,,,,,,,,,,,,,,,,
,Agricultural Bank of China,Cement,12/6/2023,2023-07,,,,,,,,,,,,,,,,,,,,,,,,,,,,,,,,,,,,,,,,,,
,Agricultural Bank of China,Food,12/6/2023,2023-07,,,,,,,,,,,,,,,,,,,,,,,,,,,,,,,,,,,,,,,,,,
,Agricultural Bank of China,Aluminium,12/6/2023,2023-07,,,,,,,,,,,,,,,,,,,,,,,,,,,,,,,,,,,,,,,,,,
,Agricultural Bank of China,Diversified Mining,12/6/2023,2023-07,,,,,,,,,,,,,,,,,,,,,,,,,,,,,,,,,,,,,,,,,,
,Agricultural Bank of China,Paper,12/6/2023,2023-07,,,,,,,,,,,,,,,,,,,,,,,,,,,,,,,,,,,,,,,,,,
,Bank of America,Oil & Gas,12/6/2023,2023-07,,,,,,,,,,,,,,,,,,,,,,,,,,,,,,,,,,,,,,,,,,
,Bank of America,Electric Utilities,12/6/2023,2023-07,,,,,,,,,,,,,,,,,,,,,,,,,,,,,,,,,,,,,,,,,,
,Bank of America,Airlines,12/6/2023,2023-07,,,,,,,,,,,,,,,,,,,,,,,,,,,,,,,,,,,,,,,,,,
,Bank of America,Shipping,12/6/2023,2023-07,,,,,,,,,,,,,,,,,,,,,,,,,,,,,,,,,,,,,,,,,,
,Bank of America,Auto Manufacturing,12/6/2023,2023-07,,,,,,,,,,,,,,,,,,,,,,,,,,,,,,,,,,,,,,,,,,
,Bank of America,Steel,12/6/2023,2023-07,,,,,,,,,,,,,,,,,,,,,,,,,,,,,,,,,,,,,,,,,,
,Bank of America,Cement,12/6/2023,2023-07,,,,,,,,,,,,,,,,,,,,,,,,,,,,,,,,,,,,,,,,,,
,Bank of America,Food,12/6/2023,2023-07,,,,,,,,,,,,,,,,,,,,,,,,,,,,,,,,,,,,,,,,,,
,Bank of America,Aluminium,12/6/2023,2023-07,,,,,,,,,,,,,,,,,,,,,,,,,,,,,,,,,,,,,,,,,,
,Bank of America,Diversified Mining,12/6/2023,2023-07,,,,,,,,,,,,,,,,,,,,,,,,,,,,,,,,,,,,,,,,,,
,Bank of America,Paper,12/6/2023,2023-07,,,,,,,,,,,,,,,,,,,,,,,,,,,,,,,,,,,,,,,,,,
,Bank of China,Oil & Gas,12/6/2023,2023-07,,,,,,,,,,,,,,,,,,,,,,,,,,,,,,,,,,,,,,,,,,
,Bank of China,Electric Utilities,12/6/2023,2023-07,,,,,,,,,,,,,,,,,,,,,,,,,,,,,,,,,,,,,,,,,,
,Bank of China,Airlines,12/6/2023,2023-07,,,,,,,,,,,,,,,,,,,,,,,,,,,,,,,,,,,,,,,,,,
,Bank of China,Shipping,12/6/2023,2023-07,,,,,,,,,,,,,,,,,,,,,,,,,,,,,,,,,,,,,,,,,,
,Bank of China,Auto Manufacturing,12/6/2023,2023-07,,,,,,,,,,,,,,,,,,,,,,,,,,,,,,,,,,,,,,,,,,
,Bank of China,Steel,12/6/2023,2023-07,,,,,,,,,,,,,,,,,,,,,,,,,,,,,,,,,,,,,,,,,,
,Bank of China,Cement,12/6/2023,2023-07,,,,,,,,,,,,,,,,,,,,,,,,,,,,,,,,,,,,,,,,,,
,Bank of China,Food,12/6/2023,2023-07,,,,,,,,,,,,,,,,,,,,,,,,,,,,,,,,,,,,,,,,,,
,Bank of China,Aluminium,12/6/2023,2023-07,,,,,,,,,,,,,,,,,,,,,,,,,,,,,,,,,,,,,,,,,,
,Bank of China,Diversified Mining,12/6/2023,2023-07,,,,,,,,,,,,,,,,,,,,,,,,,,,,,,,,,,,,,,,,,,
,Bank of China,Paper,12/6/2023,2023-07,,,,,,,,,,,,,,,,,,,,,,,,,,,,,,,,,,,,,,,,,,
,Bank of Montreal,Oil & Gas,12/6/2023,2023-07,,,,,,,,,,,,,,,,,,,,,,,,,,,,,,,,,,,,,,,,,,
,Bank of Montreal,Electric Utilities,12/6/2023,2023-07,,,,,,,,,,,,,,,,,,,,,,,,,,,,,,,,,,,,,,,,,,
,Bank of Montreal,Airlines,12/6/2023,2023-07,,,,,,,,,,,,,,,,,,,,,,,,,,,,,,,,,,,,,,,,,,
,Bank of Montreal,Shipping,12/6/2023,2023-07,,,,,,,,,,,,,,,,,,,,,,,,,,,,,,,,,,,,,,,,,,
,Bank of Montreal,Auto Manufacturing,12/6/2023,2023-07,,,,,,,,,,,,,,,,,,,,,,,,,,,,,,,,,,,,,,,,,,
,Bank of Montreal,Steel,12/6/2023,2023-07,,,,,,,,,,,,,,,,,,,,,,,,,,,,,,,,,,,,,,,,,,
,Bank of Montreal,Cement,12/6/2023,2023-07,,,,,,,,,,,,,,,,,,,,,,,,,,,,,,,,,,,,,,,,,,
,Bank of Montreal,Food,12/6/2023,2023-07,,,,,,,,,,,,,,,,,,,,,,,,,,,,,,,,,,,,,,,,,,
,Bank of Montreal,Aluminium,12/6/2023,2023-07,,,,,,,,,,,,,,,,,,,,,,,,,,,,,,,,,,,,,,,,,,
,Bank of Montreal,Diversified Mining,12/6/2023,2023-07,,,,,,,,,,,,,,,,,,,,,,,,,,,,,,,,,,,,,,,,,,
,Bank of Montreal,Paper,12/6/2023,2023-07,,,,,,,,,,,,,,,,,,,,,,,,,,,,,,,,,,,,,,,,,,
,Barclays,Oil & Gas,12/6/2023,2023-07,,,,,,,,,,,,,,,,,,,,,,,,,,,,,,,,,,,,,,,,,,
,Barclays,Electric Utilities,12/6/2023,2023-07,,,,,,,,,,,,,,,,,,,,,,,,,,,,,,,,,,,,,,,,,,
,Barclays,Airlines,12/6/2023,2023-07,,,,,,,,,,,,,,,,,,,,,,,,,,,,,,,,,,,,,,,,,,
,Barclays,Shipping,12/6/2023,2023-07,,,,,,,,,,,,,,,,,,,,,,,,,,,,,,,,,,,,,,,,,,
,Barclays,Auto Manufacturing,12/6/2023,2023-07,,,,,,,,,,,,,,,,,,,,,,,,,,,,,,,,,,,,,,,,,,
,Barclays,Steel,12/6/2023,2023-07,,,,,,,,,,,,,,,,,,,,,,,,,,,,,,,,,,,,,,,,,,
,Barclays,Cement,12/6/2023,2023-07,,,,,,,,,,,,,,,,,,,,,,,,,,,,,,,,,,,,,,,,,,
,Barclays,Food,12/6/2023,2023-07,,,,,,,,,,,,,,,,,,,,,,,,,,,,,,,,,,,,,,,,,,
,Barclays,Aluminium,12/6/2023,2023-07,,,,,,,,,,,,,,,,,,,,,,,,,,,,,,,,,,,,,,,,,,
,Barclays,Diversified Mining,12/6/2023,2023-07,,,,,,,,,,,,,,,,,,,,,,,,,,,,,,,,,,,,,,,,,,
,Barclays,Paper,12/6/2023,2023-07,,,,,,,,,,,,,,,,,,,,,,,,,,,,,,,,,,,,,,,,,,
,BNP Paribas,Oil & Gas,12/6/2023,2023-07,,,,,,,,,,,,,,,,,,,,,,,,,,,,,,,,,,,,,,,,,,
,BNP Paribas,Electric Utilities,12/6/2023,2023-07,,,,,,,,,,,,,,,,,,,,,,,,,,,,,,,,,,,,,,,,,,
,BNP Paribas,Airlines,12/6/2023,2023-07,,,,,,,,,,,,,,,,,,,,,,,,,,,,,,,,,,,,,,,,,,
,BNP Paribas,Shipping,12/6/2023,2023-07,,,,,,,,,,,,,,,,,,,,,,,,,,,,,,,,,,,,,,,,,,
,BNP Paribas,Auto Manufacturing,12/6/2023,2023-07,,,,,,,,,,,,,,,,,,,,,,,,,,,,,,,,,,,,,,,,,,
,BNP Paribas,Steel,12/6/2023,2023-07,,,,,,,,,,,,,,,,,,,,,,,,,,,,,,,,,,,,,,,,,,
,BNP Paribas,Cement,12/6/2023,2023-07,,,,,,,,,,,,,,,,,,,,,,,,,,,,,,,,,,,,,,,,,,
,BNP Paribas,Food,12/6/2023,2023-07,,,,,,,,,,,,,,,,,,,,,,,,,,,,,,,,,,,,,,,,,,
,BNP Paribas,Aluminium,12/6/2023,2023-07,,,,,,,,,,,,,,,,,,,,,,,,,,,,,,,,,,,,,,,,,,
,BNP Paribas,Diversified Mining,12/6/2023,2023-07,,,,,,,,,,,,,,,,,,,,,,,,,,,,,,,,,,,,,,,,,,
,BNP Paribas,Paper,12/6/2023,2023-07,,,,,,,,,,,,,,,,,,,,,,,,,,,,,,,,,,,,,,,,,,
,CIBC,Oil & Gas,12/6/2023,2023-07,,,,,,,,,,,,,,,,,,,,,,,,,,,,,,,,,,,,,,,,,,
,CIBC,Electric Utilities,12/6/2023,2023-07,,,,,,,,,,,,,,,,,,,,,,,,,,,,,,,,,,,,,,,,,,
,CIBC,Airlines,12/6/2023,2023-07,,,,,,,,,,,,,,,,,,,,,,,,,,,,,,,,,,,,,,,,,,
,CIBC,Shipping,12/6/2023,2023-07,,,,,,,,,,,,,,,,,,,,,,,,,,,,,,,,,,,,,,,,,,
,CIBC,Auto Manufacturing,12/6/2023,2023-07,,,,,,,,,,,,,,,,,,,,,,,,,,,,,,,,,,,,,,,,,,
,CIBC,Steel,12/6/2023,2023-07,,,,,,,,,,,,,,,,,,,,,,,,,,,,,,,,,,,,,,,,,,
,CIBC,Cement,12/6/2023,2023-07,,,,,,,,,,,,,,,,,,,,,,,,,,,,,,,,,,,,,,,,,,
,CIBC,Food,12/6/2023,2023-07,,,,,,,,,,,,,,,,,,,,,,,,,,,,,,,,,,,,,,,,,,
,CIBC,Aluminium,12/6/2023,2023-07,,,,,,,,,,,,,,,,,,,,,,,,,,,,,,,,,,,,,,,,,,
,CIBC,Diversified Mining,12/6/2023,2023-07,,,,,,,,,,,,,,,,,,,,,,,,,,,,,,,,,,,,,,,,,,
,CIBC,Paper,12/6/2023,2023-07,,,,,,,,,,,,,,,,,,,,,,,,,,,,,,,,,,,,,,,,,,
,China Construction Bank,Oil & Gas,12/6/2023,2023-07,,,,,,,,,,,,,,,,,,,,,,,,,,,,,,,,,,,,,,,,,,
,China Construction Bank,Electric Utilities,12/6/2023,2023-07,,,,,,,,,,,,,,,,,,,,,,,,,,,,,,,,,,,,,,,,,,
,China Construction Bank,Airlines,12/6/2023,2023-07,,,,,,,,,,,,,,,,,,,,,,,,,,,,,,,,,,,,,,,,,,
,China Construction Bank,Shipping,12/6/2023,2023-07,,,,,,,,,,,,,,,,,,,,,,,,,,,,,,,,,,,,,,,,,,
,China Construction Bank,Auto Manufacturing,12/6/2023,2023-07,,,,,,,,,,,,,,,,,,,,,,,,,,,,,,,,,,,,,,,,,,
,China Construction Bank,Steel,12/6/2023,2023-07,,,,,,,,,,,,,,,,,,,,,,,,,,,,,,,,,,,,,,,,,,
,China Construction Bank,Cement,12/6/2023,2023-07,,,,,,,,,,,,,,,,,,,,,,,,,,,,,,,,,,,,,,,,,,
,China Construction Bank,Food,12/6/2023,2023-07,,,,,,,,,,,,,,,,,,,,,,,,,,,,,,,,,,,,,,,,,,
,China Construction Bank,Aluminium,12/6/2023,2023-07,,,,,,,,,,,,,,,,,,,,,,,,,,,,,,,,,,,,,,,,,,
,China Construction Bank,Diversified Mining,12/6/2023,2023-07,,,,,,,,,,,,,,,,,,,,,,,,,,,,,,,,,,,,,,,,,,
,China Construction Bank,Paper,12/6/2023,2023-07,,,,,,,,,,,,,,,,,,,,,,,,,,,,,,,,,,,,,,,,,,
,Citibank,Oil & Gas,12/6/2023,2023-07,,,,,,,,,,,,,,,,,,,,,,,,,,,,,,,,,,,,,,,,,,
,Citibank,Electric Utilities,12/6/2023,2023-07,,,,,,,,,,,,,,,,,,,,,,,,,,,,,,,,,,,,,,,,,,
,Citibank,Airlines,12/6/2023,2023-07,,,,,,,,,,,,,,,,,,,,,,,,,,,,,,,,,,,,,,,,,,
,Citibank,Shipping,12/6/2023,2023-07,,,,,,,,,,,,,,,,,,,,,,,,,,,,,,,,,,,,,,,,,,
,Citibank,Auto Manufacturing,12/6/2023,2023-07,,,,,,,,,,,,,,,,,,,,,,,,,,,,,,,,,,,,,,,,,,
,Citibank,Steel,12/6/2023,2023-07,,,,,,,,,,,,,,,,,,,,,,,,,,,,,,,,,,,,,,,,,,
,Citibank,Cement,12/6/2023,2023-07,,,,,,,,,,,,,,,,,,,,,,,,,,,,,,,,,,,,,,,,,,
,Citibank,Food,12/6/2023,2023-07,,,,,,,,,,,,,,,,,,,,,,,,,,,,,,,,,,,,,,,,,,
,Citibank,Aluminium,12/6/2023,2023-07,,,,,,,,,,,,,,,,,,,,,,,,,,,,,,,,,,,,,,,,,,
,Citibank,Diversified Mining,12/6/2023,2023-07,,,,,,,,,,,,,,,,,,,,,,,,,,,,,,,,,,,,,,,,,,
,Citibank,Paper,12/6/2023,2023-07,,,,,,,,,,,,,,,,,,,,,,,,,,,,,,,,,,,,,,,,,,
,Credit Agricole Group,Oil & Gas,12/6/2023,2023-07,,,,,,,,,,,,,,,,,,,,,,,,,,,,,,,,,,,,,,,,,,
,Credit Agricole Group,Electric Utilities,12/6/2023,2023-07,,,,,,,,,,,,,,,,,,,,,,,,,,,,,,,,,,,,,,,,,,
,Credit Agricole Group,Airlines,12/6/2023,2023-07,,,,,,,,,,,,,,,,,,,,,,,,,,,,,,,,,,,,,,,,,,
,Credit Agricole Group,Shipping,12/6/2023,2023-07,,,,,,,,,,,,,,,,,,,,,,,,,,,,,,,,,,,,,,,,,,
,Credit Agricole Group,Auto Manufacturing,12/6/2023,2023-07,,,,,,,,,,,,,,,,,,,,,,,,,,,,,,,,,,,,,,,,,,
,Credit Agricole Group,Steel,12/6/2023,2023-07,,,,,,,,,,,,,,,,,,,,,,,,,,,,,,,,,,,,,,,,,,
,Credit Agricole Group,Cement,12/6/2023,2023-07,,,,,,,,,,,,,,,,,,,,,,,,,,,,,,,,,,,,,,,,,,
,Credit Agricole Group,Food,12/6/2023,2023-07,,,,,,,,,,,,,,,,,,,,,,,,,,,,,,,,,,,,,,,,,,
,Credit Agricole Group,Aluminium,12/6/2023,2023-07,,,,,,,,,,,,,,,,,,,,,,,,,,,,,,,,,,,,,,,,,,
,Credit Agricole Group,Diversified Mining,12/6/2023,2023-07,,,,,,,,,,,,,,,,,,,,,,,,,,,,,,,,,,,,,,,,,,
,Credit Agricole Group,Paper,12/6/2023,2023-07,,,,,,,,,,,,,,,,,,,,,,,,,,,,,,,,,,,,,,,,,,
,Deutsche Bank,Oil & Gas,12/6/2023,2023-07,,,,,,,,,,,,,,,,,,,,,,,,,,,,,,,,,,,,,,,,,,
,Deutsche Bank,Electric Utilities,12/6/2023,2023-07,,,,,,,,,,,,,,,,,,,,,,,,,,,,,,,,,,,,,,,,,,
,Deutsche Bank,Airlines,12/6/2023,2023-07,,,,,,,,,,,,,,,,,,,,,,,,,,,,,,,,,,,,,,,,,,
,Deutsche Bank,Shipping,12/6/2023,2023-07,,,,,,,,,,,,,,,,,,,,,,,,,,,,,,,,,,,,,,,,,,
,Deutsche Bank,Auto Manufacturing,12/6/2023,2023-07,,,,,,,,,,,,,,,,,,,,,,,,,,,,,,,,,,,,,,,,,,
,Deutsche Bank,Steel,12/6/2023,2023-07,,,,,,,,,,,,,,,,,,,,,,,,,,,,,,,,,,,,,,,,,,
,Deutsche Bank,Cement,12/6/2023,2023-07,,,,,,,,,,,,,,,,,,,,,,,,,,,,,,,,,,,,,,,,,,
,Deutsche Bank,Food,12/6/2023,2023-07,,,,,,,,,,,,,,,,,,,,,,,,,,,,,,,,,,,,,,,,,,
,Deutsche Bank,Aluminium,12/6/2023,2023-07,,,,,,,,,,,,,,,,,,,,,,,,,,,,,,,,,,,,,,,,,,
,Deutsche Bank,Diversified Mining,12/6/2023,2023-07,,,,,,,,,,,,,,,,,,,,,,,,,,,,,,,,,,,,,,,,,,
,Deutsche Bank,Paper,12/6/2023,2023-07,,,,,,,,,,,,,,,,,,,,,,,,,,,,,,,,,,,,,,,,,,
,Goldman Sachs,Oil & Gas,12/6/2023,2023-07,,,,,,,,,,,,,,,,,,,,,,,,,,,,,,,,,,,,,,,,,,
,Goldman Sachs,Electric Utilities,12/6/2023,2023-07,,,,,,,,,,,,,,,,,,,,,,,,,,,,,,,,,,,,,,,,,,
,Goldman Sachs,Airlines,12/6/2023,2023-07,,,,,,,,,,,,,,,,,,,,,,,,,,,,,,,,,,,,,,,,,,
,Goldman Sachs,Shipping,12/6/2023,2023-07,,,,,,,,,,,,,,,,,,,,,,,,,,,,,,,,,,,,,,,,,,
,Goldman Sachs,Auto Manufacturing,12/6/2023,2023-07,,,,,,,,,,,,,,,,,,,,,,,,,,,,,,,,,,,,,,,,,,
,Goldman Sachs,Steel,12/6/2023,2023-07,,,,,,,,,,,,,,,,,,,,,,,,,,,,,,,,,,,,,,,,,,
,Goldman Sachs,Cement,12/6/2023,2023-07,,,,,,,,,,,,,,,,,,,,,,,,,,,,,,,,,,,,,,,,,,
,Goldman Sachs,Food,12/6/2023,2023-07,,,,,,,,,,,,,,,,,,,,,,,,,,,,,,,,,,,,,,,,,,
,Goldman Sachs,Aluminium,12/6/2023,2023-07,,,,,,,,,,,,,,,,,,,,,,,,,,,,,,,,,,,,,,,,,,
,Goldman Sachs,Diversified Mining,12/6/2023,2023-07,,,,,,,,,,,,,,,,,,,,,,,,,,,,,,,,,,,,,,,,,,
,Goldman Sachs,Paper,12/6/2023,2023-07,,,,,,,,,,,,,,,,,,,,,,,,,,,,,,,,,,,,,,,,,,
,HSBC,Oil & Gas,12/6/2023,2023-07,,,,,,,,,,,,,,,,,,,,,,,,,,,,,,,,,,,,,,,,,,
,HSBC,Electric Utilities,12/6/2023,2023-07,,,,,,,,,,,,,,,,,,,,,,,,,,,,,,,,,,,,,,,,,,
,HSBC,Airlines,12/6/2023,2023-07,,,,,,,,,,,,,,,,,,,,,,,,,,,,,,,,,,,,,,,,,,
,HSBC,Shipping,12/6/2023,2023-07,,,,,,,,,,,,,,,,,,,,,,,,,,,,,,,,,,,,,,,,,,
,HSBC,Auto Manufacturing,12/6/2023,2023-07,,,,,,,,,,,,,,,,,,,,,,,,,,,,,,,,,,,,,,,,,,
,HSBC,Steel,12/6/2023,2023-07,,,,,,,,,,,,,,,,,,,,,,,,,,,,,,,,,,,,,,,,,,
,HSBC,Cement,12/6/2023,2023-07,,,,,,,,,,,,,,,,,,,,,,,,,,,,,,,,,,,,,,,,,,
,HSBC,Food,12/6/2023,2023-07,,,,,,,,,,,,,,,,,,,,,,,,,,,,,,,,,,,,,,,,,,
,HSBC,Aluminium,12/6/2023,2023-07,,,,,,,,,,,,,,,,,,,,,,,,,,,,,,,,,,,,,,,,,,
,HSBC,Diversified Mining,12/6/2023,2023-07,,,,,,,,,,,,,,,,,,,,,,,,,,,,,,,,,,,,,,,,,,
,HSBC,Paper,12/6/2023,2023-07,,,,,,,,,,,,,,,,,,,,,,,,,,,,,,,,,,,,,,,,,,
,ICBC,Oil & Gas,12/6/2023,2023-07,,,,,,,,,,,,,,,,,,,,,,,,,,,,,,,,,,,,,,,,,,
,ICBC,Electric Utilities,12/6/2023,2023-07,,,,,,,,,,,,,,,,,,,,,,,,,,,,,,,,,,,,,,,,,,
,ICBC,Airlines,12/6/2023,2023-07,,,,,,,,,,,,,,,,,,,,,,,,,,,,,,,,,,,,,,,,,,
,ICBC,Shipping,12/6/2023,2023-07,,,,,,,,,,,,,,,,,,,,,,,,,,,,,,,,,,,,,,,,,,
,ICBC,Auto Manufacturing,12/6/2023,2023-07,,,,,,,,,,,,,,,,,,,,,,,,,,,,,,,,,,,,,,,,,,
,ICBC,Steel,12/6/2023,2023-07,,,,,,,,,,,,,,,,,,,,,,,,,,,,,,,,,,,,,,,,,,
,ICBC,Cement,12/6/2023,2023-07,,,,,,,,,,,,,,,,,,,,,,,,,,,,,,,,,,,,,,,,,,
,ICBC,Food,12/6/2023,2023-07,,,,,,,,,,,,,,,,,,,,,,,,,,,,,,,,,,,,,,,,,,
,ICBC,Aluminium,12/6/2023,2023-07,,,,,,,,,,,,,,,,,,,,,,,,,,,,,,,,,,,,,,,,,,
,ICBC,Diversified Mining,12/6/2023,2023-07,,,,,,,,,,,,,,,,,,,,,,,,,,,,,,,,,,,,,,,,,,
,ICBC,Paper,12/6/2023,2023-07,,,,,,,,,,,,,,,,,,,,,,,,,,,,,,,,,,,,,,,,,,
,ING Bank,Oil & Gas,12/6/2023,2023-07,,,,,,,,,,,,,,,,,,,,,,,,,,,,,,,,,,,,,,,,,,
,ING Bank,Electric Utilities,12/6/2023,2023-07,,,,,,,,,,,,,,,,,,,,,,,,,,,,,,,,,,,,,,,,,,
,ING Bank,Airlines,12/6/2023,2023-07,,,,,,,,,,,,,,,,,,,,,,,,,,,,,,,,,,,,,,,,,,
,ING Bank,Shipping,12/6/2023,2023-07,,,,,,,,,,,,,,,,,,,,,,,,,,,,,,,,,,,,,,,,,,
,ING Bank,Auto Manufacturing,12/6/2023,2023-07,,,,,,,,,,,,,,,,,,,,,,,,,,,,,,,,,,,,,,,,,,
,ING Bank,Steel,12/6/2023,2023-07,,,,,,,,,,,,,,,,,,,,,,,,,,,,,,,,,,,,,,,,,,
,ING Bank,Cement,12/6/2023,2023-07,,,,,,,,,,,,,,,,,,,,,,,,,,,,,,,,,,,,,,,,,,
,ING Bank,Food,12/6/2023,2023-07,,,,,,,,,,,,,,,,,,,,,,,,,,,,,,,,,,,,,,,,,,
,ING Bank,Aluminium,12/6/2023,2023-07,,,,,,,,,,,,,,,,,,,,,,,,,,,,,,,,,,,,,,,,,,
,ING Bank,Diversified Mining,12/6/2023,2023-07,,,,,,,,,,,,,,,,,,,,,,,,,,,,,,,,,,,,,,,,,,
,ING Bank,Paper,12/6/2023,2023-07,,,,,,,,,,,,,,,,,,,,,,,,,,,,,,,,,,,,,,,,,,
,JP Morgan,Oil & Gas,12/6/2023,2023-07,,,,,,,,,,,,,,,,,,,,,,,,,,,,,,,,,,,,,,,,,,
,JP Morgan,Electric Utilities,12/6/2023,2023-07,,,,,,,,,,,,,,,,,,,,,,,,,,,,,,,,,,,,,,,,,,
,JP Morgan,Airlines,12/6/2023,2023-07,,,,,,,,,,,,,,,,,,,,,,,,,,,,,,,,,,,,,,,,,,
,JP Morgan,Shipping,12/6/2023,2023-07,,,,,,,,,,,,,,,,,,,,,,,,,,,,,,,,,,,,,,,,,,
,JP Morgan,Auto Manufacturing,12/6/2023,2023-07,,,,,,,,,,,,,,,,,,,,,,,,,,,,,,,,,,,,,,,,,,
,JP Morgan,Steel,12/6/2023,2023-07,,,,,,,,,,,,,,,,,,,,,,,,,,,,,,,,,,,,,,,,,,
,JP Morgan,Cement,12/6/2023,2023-07,,,,,,,,,,,,,,,,,,,,,,,,,,,,,,,,,,,,,,,,,,
,JP Morgan,Food,12/6/2023,2023-07,,,,,,,,,,,,,,,,,,,,,,,,,,,,,,,,,,,,,,,,,,
,JP Morgan,Aluminium,12/6/2023,2023-07,,,,,,,,,,,,,,,,,,,,,,,,,,,,,,,,,,,,,,,,,,
,JP Morgan,Diversified Mining,12/6/2023,2023-07,,,,,,,,,,,,,,,,,,,,,,,,,,,,,,,,,,,,,,,,,,
,JP Morgan,Paper,12/6/2023,2023-07,,,,,,,,,,,,,,,,,,,,,,,,,,,,,,,,,,,,,,,,,,
,Mitsubishi UFJ (MUFJ),Oil & Gas,12/6/2023,2023-07,,,,,,,,,,,,,,,,,,,,,,,,,,,,,,,,,,,,,,,,,,
,Mitsubishi UFJ (MUFJ),Electric Utilities,12/6/2023,2023-07,,,,,,,,,,,,,,,,,,,,,,,,,,,,,,,,,,,,,,,,,,
,Mitsubishi UFJ (MUFJ),Airlines,12/6/2023,2023-07,,,,,,,,,,,,,,,,,,,,,,,,,,,,,,,,,,,,,,,,,,
,Mitsubishi UFJ (MUFJ),Shipping,12/6/2023,2023-07,,,,,,,,,,,,,,,,,,,,,,,,,,,,,,,,,,,,,,,,,,
,Mitsubishi UFJ (MUFJ),Auto Manufacturing,12/6/2023,2023-07,,,,,,,,,,,,,,,,,,,,,,,,,,,,,,,,,,,,,,,,,,
,Mitsubishi UFJ (MUFJ),Steel,12/6/2023,2023-07,,,,,,,,,,,,,,,,,,,,,,,,,,,,,,,,,,,,,,,,,,
,Mitsubishi UFJ (MUFJ),Cement,12/6/2023,2023-07,,,,,,,,,,,,,,,,,,,,,,,,,,,,,,,,,,,,,,,,,,
,Mitsubishi UFJ (MUFJ),Food,12/6/2023,2023-07,,,,,,,,,,,,,,,,,,,,,,,,,,,,,,,,,,,,,,,,,,
,Mitsubishi UFJ (MUFJ),Aluminium,12/6/2023,2023-07,,,,,,,,,,,,,,,,,,,,,,,,,,,,,,,,,,,,,,,,,,
,Mitsubishi UFJ (MUFJ),Diversified Mining,12/6/2023,2023-07,,,,,,,,,,,,,,,,,,,,,,,,,,,,,,,,,,,,,,,,,,
,Mitsubishi UFJ (MUFJ),Paper,12/6/2023,2023-07,,,,,,,,,,,,,,,,,,,,,,,,,,,,,,,,,,,,,,,,,,
,Mizuho,Oil & Gas,12/6/2023,2023-07,,,,,,,,,,,,,,,,,,,,,,,,,,,,,,,,,,,,,,,,,,
,Mizuho,Electric Utilities,12/6/2023,2023-07,,,,,,,,,,,,,,,,,,,,,,,,,,,,,,,,,,,,,,,,,,
,Mizuho,Airlines,12/6/2023,2023-07,,,,,,,,,,,,,,,,,,,,,,,,,,,,,,,,,,,,,,,,,,
,Mizuho,Shipping,12/6/2023,2023-07,,,,,,,,,,,,,,,,,,,,,,,,,,,,,,,,,,,,,,,,,,
,Mizuho,Auto Manufacturing,12/6/2023,2023-07,,,,,,,,,,,,,,,,,,,,,,,,,,,,,,,,,,,,,,,,,,
,Mizuho,Steel,12/6/2023,2023-07,,,,,,,,,,,,,,,,,,,,,,,,,,,,,,,,,,,,,,,,,,
,Mizuho,Cement,12/6/2023,2023-07,,,,,,,,,,,,,,,,,,,,,,,,,,,,,,,,,,,,,,,,,,
,Mizuho,Food,12/6/2023,2023-07,,,,,,,,,,,,,,,,,,,,,,,,,,,,,,,,,,,,,,,,,,
,Mizuho,Aluminium,12/6/2023,2023-07,,,,,,,,,,,,,,,,,,,,,,,,,,,,,,,,,,,,,,,,,,
,Mizuho,Diversified Mining,12/6/2023,2023-07,,,,,,,,,,,,,,,,,,,,,,,,,,,,,,,,,,,,,,,,,,
,Mizuho,Paper,12/6/2023,2023-07,,,,,,,,,,,,,,,,,,,,,,,,,,,,,,,,,,,,,,,,,,
,Morgan Stanley,Oil & Gas,12/6/2023,2023-07,,,,,,,,,,,,,,,,,,,,,,,,,,,,,,,,,,,,,,,,,,
,Morgan Stanley,Electric Utilities,12/6/2023,2023-07,,,,,,,,,,,,,,,,,,,,,,,,,,,,,,,,,,,,,,,,,,
,Morgan Stanley,Airlines,12/6/2023,2023-07,,,,,,,,,,,,,,,,,,,,,,,,,,,,,,,,,,,,,,,,,,
,Morgan Stanley,Shipping,12/6/2023,2023-07,,,,,,,,,,,,,,,,,,,,,,,,,,,,,,,,,,,,,,,,,,
,Morgan Stanley,Auto Manufacturing,12/6/2023,2023-07,,,,,,,,,,,,,,,,,,,,,,,,,,,,,,,,,,,,,,,,,,
,Morgan Stanley,Steel,12/6/2023,2023-07,,,,,,,,,,,,,,,,,,,,,,,,,,,,,,,,,,,,,,,,,,
,Morgan Stanley,Cement,12/6/2023,2023-07,,,,,,,,,,,,,,,,,,,,,,,,,,,,,,,,,,,,,,,,,,
,Morgan Stanley,Food,12/6/2023,2023-07,,,,,,,,,,,,,,,,,,,,,,,,,,,,,,,,,,,,,,,,,,
,Morgan Stanley,Aluminium,12/6/2023,2023-07,,,,,,,,,,,,,,,,,,,,,,,,,,,,,,,,,,,,,,,,,,
,Morgan Stanley,Diversified Mining,12/6/2023,2023-07,,,,,,,,,,,,,,,,,,,,,,,,,,,,,,,,,,,,,,,,,,
,Morgan Stanley,Paper,12/6/2023,2023-07,,,,,,,,,,,,,,,,,,,,,,,,,,,,,,,,,,,,,,,,,,
,Royal Bank of Canada (RBC),Oil & Gas,12/6/2023,2023-07,,,,,,,,,,,,,,,,,,,,,,,,,,,,,,,,,,,,,,,,,,
,Royal Bank of Canada (RBC),Electric Utilities,12/6/2023,2023-07,,,,,,,,,,,,,,,,,,,,,,,,,,,,,,,,,,,,,,,,,,
,Royal Bank of Canada (RBC),Airlines,12/6/2023,2023-07,,,,,,,,,,,,,,,,,,,,,,,,,,,,,,,,,,,,,,,,,,
,Royal Bank of Canada (RBC),Shipping,12/6/2023,2023-07,,,,,,,,,,,,,,,,,,,,,,,,,,,,,,,,,,,,,,,,,,
,Royal Bank of Canada (RBC),Auto Manufacturing,12/6/2023,2023-07,,,,,,,,,,,,,,,,,,,,,,,,,,,,,,,,,,,,,,,,,,
,Royal Bank of Canada (RBC),Steel,12/6/2023,2023-07,,,,,,,,,,,,,,,,,,,,,,,,,,,,,,,,,,,,,,,,,,
,Royal Bank of Canada (RBC),Cement,12/6/2023,2023-07,,,,,,,,,,,,,,,,,,,,,,,,,,,,,,,,,,,,,,,,,,
,Royal Bank of Canada (RBC),Food,12/6/2023,2023-07,,,,,,,,,,,,,,,,,,,,,,,,,,,,,,,,,,,,,,,,,,
,Royal Bank of Canada (RBC),Aluminium,12/6/2023,2023-07,,,,,,,,,,,,,,,,,,,,,,,,,,,,,,,,,,,,,,,,,,
,Royal Bank of Canada (RBC),Diversified Mining,12/6/2023,2023-07,,,,,,,,,,,,,,,,,,,,,,,,,,,,,,,,,,,,,,,,,,
,Royal Bank of Canada (RBC),Paper,12/6/2023,2023-07,,,,,,,,,,,,,,,,,,,,,,,,,,,,,,,,,,,,,,,,,,
,Scotiabank,Oil & Gas,12/6/2023,2023-07,,,,,,,,,,,,,,,,,,,,,,,,,,,,,,,,,,,,,,,,,,
,Scotiabank,Electric Utilities,12/6/2023,2023-07,,,,,,,,,,,,,,,,,,,,,,,,,,,,,,,,,,,,,,,,,,
,Scotiabank,Airlines,12/6/2023,2023-07,,,,,,,,,,,,,,,,,,,,,,,,,,,,,,,,,,,,,,,,,,
,Scotiabank,Shipping,12/6/2023,2023-07,,,,,,,,,,,,,,,,,,,,,,,,,,,,,,,,,,,,,,,,,,
,Scotiabank,Auto Manufacturing,12/6/2023,2023-07,,,,,,,,,,,,,,,,,,,,,,,,,,,,,,,,,,,,,,,,,,
,Scotiabank,Steel,12/6/2023,2023-07,,,,,,,,,,,,,,,,,,,,,,,,,,,,,,,,,,,,,,,,,,
,Scotiabank,Cement,12/6/2023,2023-07,,,,,,,,,,,,,,,,,,,,,,,,,,,,,,,,,,,,,,,,,,
,Scotiabank,Food,12/6/2023,2023-07,,,,,,,,,,,,,,,,,,,,,,,,,,,,,,,,,,,,,,,,,,
,Scotiabank,Aluminium,12/6/2023,2023-07,,,,,,,,,,,,,,,,,,,,,,,,,,,,,,,,,,,,,,,,,,
,Scotiabank,Diversified Mining,12/6/2023,2023-07,,,,,,,,,,,,,,,,,,,,,,,,,,,,,,,,,,,,,,,,,,
,Scotiabank,Paper,12/6/2023,2023-07,,,,,,,,,,,,,,,,,,,,,,,,,,,,,,,,,,,,,,,,,,
,SMBC,Oil & Gas,12/6/2023,2023-07,,,,,,,,,,,,,,,,,,,,,,,,,,,,,,,,,,,,,,,,,,
,SMBC,Electric Utilities,12/6/2023,2023-07,,,,,,,,,,,,,,,,,,,,,,,,,,,,,,,,,,,,,,,,,,
,SMBC,Airlines,12/6/2023,2023-07,,,,,,,,,,,,,,,,,,,,,,,,,,,,,,,,,,,,,,,,,,
,SMBC,Shipping,12/6/2023,2023-07,,,,,,,,,,,,,,,,,,,,,,,,,,,,,,,,,,,,,,,,,,
,SMBC,Auto Manufacturing,12/6/2023,2023-07,,,,,,,,,,,,,,,,,,,,,,,,,,,,,,,,,,,,,,,,,,
,SMBC,Steel,12/6/2023,2023-07,,,,,,,,,,,,,,,,,,,,,,,,,,,,,,,,,,,,,,,,,,
,SMBC,Cement,12/6/2023,2023-07,,,,,,,,,,,,,,,,,,,,,,,,,,,,,,,,,,,,,,,,,,
,SMBC,Food,12/6/2023,2023-07,,,,,,,,,,,,,,,,,,,,,,,,,,,,,,,,,,,,,,,,,,
,SMBC,Aluminium,12/6/2023,2023-07,,,,,,,,,,,,,,,,,,,,,,,,,,,,,,,,,,,,,,,,,,
,SMBC,Diversified Mining,12/6/2023,2023-07,,,,,,,,,,,,,,,,,,,,,,,,,,,,,,,,,,,,,,,,,,
,SMBC,Paper,12/6/2023,2023-07,,,,,,,,,,,,,,,,,,,,,,,,,,,,,,,,,,,,,,,,,,
,Toronto Dominion Bnk,Oil & Gas,12/6/2023,2023-07,,,,,,,,,,,,,,,,,,,,,,,,,,,,,,,,,,,,,,,,,,
,Toronto Dominion Bnk,Electric Utilities,12/6/2023,2023-07,,,,,,,,,,,,,,,,,,,,,,,,,,,,,,,,,,,,,,,,,,
,Toronto Dominion Bnk,Airlines,12/6/2023,2023-07,,,,,,,,,,,,,,,,,,,,,,,,,,,,,,,,,,,,,,,,,,
,Toronto Dominion Bnk,Shipping,12/6/2023,2023-07,,,,,,,,,,,,,,,,,,,,,,,,,,,,,,,,,,,,,,,,,,
,Toronto Dominion Bnk,Auto Manufacturing,12/6/2023,2023-07,,,,,,,,,,,,,,,,,,,,,,,,,,,,,,,,,,,,,,,,,,
,Toronto Dominion Bnk,Steel,12/6/2023,2023-07,,,,,,,,,,,,,,,,,,,,,,,,,,,,,,,,,,,,,,,,,,
,Toronto Dominion Bnk,Cement,12/6/2023,2023-07,,,,,,,,,,,,,,,,,,,,,,,,,,,,,,,,,,,,,,,,,,
,Toronto Dominion Bnk,Food,12/6/2023,2023-07,,,,,,,,,,,,,,,,,,,,,,,,,,,,,,,,,,,,,,,,,,
,Toronto Dominion Bnk,Aluminium,12/6/2023,2023-07,,,,,,,,,,,,,,,,,,,,,,,,,,,,,,,,,,,,,,,,,,
,Toronto Dominion Bnk,Diversified Mining,12/6/2023,2023-07,,,,,,,,,,,,,,,,,,,,,,,,,,,,,,,,,,,,,,,,,,
,Toronto Dominion Bnk,Paper,12/6/2023,2023-07,,,,,,,,,,,,,,,,,,,,,,,,,,,,,,,,,,,,,,,,,,
,Société Générale,Oil & Gas,12/6/2023,2023-07,,,,,,,,,,,,,,,,,,,,,,,,,,,,,,,,,,,,,,,,,,
,Société Générale,Electric Utilities,12/6/2023,2023-07,,,,,,,,,,,,,,,,,,,,,,,,,,,,,,,,,,,,,,,,,,
,Société Générale,Airlines,12/6/2023,2023-07,,,,,,,,,,,,,,,,,,,,,,,,,,,,,,,,,,,,,,,,,,
,Société Générale,Shipping,12/6/2023,2023-07,,,,,,,,,,,,,,,,,,,,,,,,,,,,,,,,,,,,,,,,,,
,Société Générale,Auto Manufacturing,12/6/2023,2023-07,,,,,,,,,,,,,,,,,,,,,,,,,,,,,,,,,,,,,,,,,,
,Société Générale,Steel,12/6/2023,2023-07,,,,,,,,,,,,,,,,,,,,,,,,,,,,,,,,,,,,,,,,,,
,Société Générale,Cement,12/6/2023,2023-07,,,,,,,,,,,,,,,,,,,,,,,,,,,,,,,,,,,,,,,,,,
,Société Générale,Food,12/6/2023,2023-07,,,,,,,,,,,,,,,,,,,,,,,,,,,,,,,,,,,,,,,,,,
,Société Générale,Aluminium,12/6/2023,2023-07,,,,,,,,,,,,,,,,,,,,,,,,,,,,,,,,,,,,,,,,,,
,Société Générale,Diversified Mining,12/6/2023,2023-07,,,,,,,,,,,,,,,,,,,,,,,,,,,,,,,,,,,,,,,,,,
,Société Générale,Paper,12/6/2023,2023-07,,,,,,,,,,,,,,,,,,,,,,,,,,,,,,,,,,,,,,,,,,
,UBS,Oil & Gas,12/6/2023,2023-07,,,,,,,,,,,,,,,,,,,,,,,,,,,,,,,,,,,,,,,,,,
,UBS,Electric Utilities,12/6/2023,2023-07,,,,,,,,,,,,,,,,,,,,,,,,,,,,,,,,,,,,,,,,,,
,UBS,Airlines,12/6/2023,2023-07,,,,,,,,,,,,,,,,,,,,,,,,,,,,,,,,,,,,,,,,,,
,UBS,Shipping,12/6/2023,2023-07,,,,,,,,,,,,,,,,,,,,,,,,,,,,,,,,,,,,,,,,,,
,UBS,Auto Manufacturing,12/6/2023,2023-07,,,,,,,,,,,,,,,,,,,,,,,,,,,,,,,,,,,,,,,,,,
,UBS,Steel,12/6/2023,2023-07,,,,,,,,,,,,,,,,,,,,,,,,,,,,,,,,,,,,,,,,,,
,UBS,Cement,12/6/2023,2023-07,,,,,,,,,,,,,,,,,,,,,,,,,,,,,,,,,,,,,,,,,,
,UBS,Food,12/6/2023,2023-07,,,,,,,,,,,,,,,,,,,,,,,,,,,,,,,,,,,,,,,,,,
,UBS,Aluminium,12/6/2023,2023-07,,,,,,,,,,,,,,,,,,,,,,,,,,,,,,,,,,,,,,,,,,
,UBS,Diversified Mining,12/6/2023,2023-07,,,,,,,,,,,,,,,,,,,,,,,,,,,,,,,,,,,,,,,,,,
,UBS,Paper,12/6/2023,2023-07,,,,,,,,,,,,,,,,,,,,,,,,,,,,,,,,,,,,,,,,,,
,Wells Fargo,Oil & Gas,12/6/2023,2023-07,,,,,,,,,,,,,,,,,,,,,,,,,,,,,,,,,,,,,,,,,,
,Wells Fargo,Electric Utilities,12/6/2023,2023-07,,,,,,,,,,,,,,,,,,,,,,,,,,,,,,,,,,,,,,,,,,
,Wells Fargo,Airlines,12/6/2023,2023-07,,,,,,,,,,,,,,,,,,,,,,,,,,,,,,,,,,,,,,,,,,
,Wells Fargo,Shipping,12/6/2023,2023-07,,,,,,,,,,,,,,,,,,,,,,,,,,,,,,,,,,,,,,,,,,
,Wells Fargo,Auto Manufacturing,12/6/2023,2023-07,,,,,,,,,,,,,,,,,,,,,,,,,,,,,,,,,,,,,,,,,,
,Wells Fargo,Steel,12/6/2023,2023-07,,,,,,,,,,,,,,,,,,,,,,,,,,,,,,,,,,,,,,,,,,
,Wells Fargo,Cement,12/6/2023,2023-07,,,,,,,,,,,,,,,,,,,,,,,,,,,,,,,,,,,,,,,,,,
,Wells Fargo,Food,12/6/2023,2023-07,,,,,,,,,,,,,,,,,,,,,,,,,,,,,,,,,,,,,,,,,,
,Wells Fargo,Aluminium,12/6/2023,2023-07,,,,,,,,,,,,,,,,,,,,,,,,,,,,,,,,,,,,,,,,,,
,Wells Fargo,Diversified Mining,12/6/2023,2023-07,,,,,,,,,,,,,,,,,,,,,,,,,,,,,,,,,,,,,,,,,,
,Wells Fargo,Paper,12/6/2023,2023-07,,,,,,,,,,,,,,,,,,,,,,,,,,,,,,,,,,,,,,,,,,
